25254545bone,0.16
ace_autocraft_,0.02
affordindianart,0.07
ahstaten,0.28
arch_diamond,0.1
ArMaghak,0.11
ATLGAUSA,0.34
avtramontano,0.16
C3_Tooth,0.28
CageFight_Pod,0.36
cemeteryexchang,0.47
dahgus,0.09
danpei_design,0.73
DaRealShaloEK,0.2
DieAngry,0.1
dwamsart,0.05
eastoftahoe,0.33
enumion,0.04
EonHoldings,0.53
GabrielMaldini9,0.43
GalaxyTheatres,0.07
gtbarry,0.04
JabotBeauty,0.09
jakelarsen,0.14
JessyAraiza3,0.28
justmyopinion84,0.04
KurtVermeulen,0.04
ladyg2021,0.28
LilPhinger,0.37
Marky_Meinsen62,0.26
Marshal5447,0.59
marveljacketusa,0.6
mathrubhumieng,0.1
mjafri1214,0.74
MLBDeadlineNews,0.02
Morales4SDMayor,0.03
Movie_Scoop,0.08
MovieSquadPR,0.05
Odeh_JuniorOdeh,0.02
Panther167,0.36
paul_can,0.13
PHWiseman57,0.5
ptchat,0.02
QueenVictoriaRV,0.06
RamasScreen,0.21
RealJames_007,0.02
RobinDo28589698,0.49
ronaledo4,0.1
rynoufc23,0.45
sakuyaidol,0.38
sei_iza,0.02
serkanarslan_17,0.03
SHIELDZephyrOne,0.65
Stharblhezie045,0.21
sumnjam,0.01
tbrant55,0.03
tbsports33,0.03
TBTimes_Rays,0.14
teasertrailer,0.07
TheELBushman,0.07
thehopczar,0.15
TheLadyKayB,0.24
themoviewaffler,0.29
therealinformer,0.33
TonyMenendez21,0.07
topfanscorner,0.45
TrumanDoc,0.49
webfinet,0.53
ZachGatsby,0.05
3q_a7,0.05
77imlab,0.02
allentheatres,0.18
alnuaimifx,0.23
AriA1exander,0.02
BlujayVisuals,0.11
BNN_Breaking,0.235
chiyandinesh246,0.23
Christian1White,0.33
christian1white,0.68
Cinephellas,0.27
CineplexMovies,0.05
Cinesite,0.13
ColinK997,0.02
DanielBlackaby,0.34
DCMoviesTV,0.28
doctorgfitness,0.09
Fantastic6133,0.27
Filmy_Wood,0.04
Heather_71USA,0.19
HiFiTalkies,0.05
images_tv,0.4
InsaniaProd,0.31
Its__Nikki_,0.11
JaRaNo1128,0.06
Jewish_YP,0.64
JoubaierJ,0.31
JuanHustle,0.15
katyanna25,0.04
KollyBuzz,0.03
LammertAlbertus,0.27
LeachartsMarte,0.01
lovegrace893255,0.48
LTDavidAragon,0.26
LucasBoggPhotog,0.03
MagNewsMedia,0.45
malcotheatres,0.05
MarkWerling5,0.19
marymaywrite,0.69
matthewpepin_,0.18
MENAFN,0.49
Misterrr_prime,0.02
MJJRepository,0.15
mrr_ouija,0.04
MsJuicyGenius,0.08
OscarBarbera7,0.2
pan062020,0.43
PCreighton1,0.09
PHX_USA_Sports,0.19
RaysRadio,0.01
retiredmedicwtc,0.18
rinconfriki_es,0.1
RotkaliOlsun,0.08
runews,0.04
Ruthless1984,0.04
Ry_Bass,0.16
sabrinalenee,0.73
ShannonLMo3,0.05
sleepyguymike,0.09
snow9aka,0.44
SOB_pod,0.14
SSMusicTweet,0.04
TBRaysRepublic,0.09
ThamizhPadam,0.08
TheSportsGPS,0.78
TonyMarrese,0.01
Travis_D_Harvey,0.71
Trifected,0.09
trinaboice,0.23
troothbtoad,0.05
VouxSite,0.46
WeAreSoSugary,0.52
xhertx,0.15
8k57rn7n7p,0.46
Agentbean001,0.38
AlexWisePNZ,0.48
AnnaJakobsson33,0.47
anthmalu,0.35
Arijit30021470,0.35
BaseballReport_,0.7
Bear_Faced,0.13
blurayangel,0.1
BrownNoona,0.39
CGMagonline,0.06
dave_show4,0.1
DeejaeD2,0.03
DianaSpeechless,0.05
emandtssports,0.11
EngagePolitics_,0.6
Fandango,0.03
FLOW_The_LG,0.18
goldeinmind,0.53
Historia_Romana,0.99
HotaruHikaru2,0.32
iamkolib1,0.25
iChongqing_CIMC,0.0
IgaPhilip,0.42
_itsashleyc_,0.05
janebharrison,0.23
Jaypers413,0.33
jayRecher,0.04
JorgeHoruge98,0.47
Jsoaresdesign,0.31
justearthnews,0.46
KimyataKim,0.19
KioGhostV,0.21
LanierTrader,0.39
LegendOwnMind1,0.42
LibertyAngelUSA,0.21
maaklabo,0.71
Magdalenita_cs,0.2
Maneksidd,0.31
mdcinemax,0.86
MLBPipeline,0.01
oddsmaker,0.79
OnlyKollywood,0.02
Padma70328265,0.22
PrashunGRoy,0.25
rajkumar_thiru,0.16
rameshere,0.21
RealJessRussell,0.16
renflixmedia,0.14
romiromi3253631,0.33
RonnRiddell2,0.1
RutkowskiDr,0.48
Ryo_pastime_etc,0.08
salman220520,0.47
screenrealm,0.11
seawavemag,0.64
SnoozerIIVMMXIV,0.32
stevecarney,0.02
syedsalmanqadri,0.48
sypher0202,0.1
tejamultimedia1,0.11
TheErimtanAngle,0.14
TheLoveJones1,0.33
theNavyBratt,0.19
therappilot,0.02
toystnt,0.22
ttimagazine,0.19
TylerPartridge1,0.16
Whitlina,0.07
WstLondonGarden,0.26
27outs3c,0.59
78tiger,0.06
Aeontisty,0.05
Aina_Iyabo,0.17
AlBatBeisbol,0.12
AmbassadorIleka,0.07
BaseballValues,0.08
beisbolporgotas,0.46
Bettsy41,0.06
BigWillyStyl619,0.2
bollywood_life,0.03
BurtonPixels,0.14
ConnerBabcock06,0.46
Devendo1981,0.07
dp_karthik,0.1
Francis42185464,0.51
FungoMedia,0.27
gaviotacocinera,0.06
Gematria1958,0.50166667
gjofoxster,0.48
glitcheffekt,0.48
HappyFreeSingle,0.39
HollywoodArtLH,0.15
Homein22,0.03
horrormovietalk,0.17
iamdavidposada,0.01
iyad_okour,0.49
Janakiraman51,0.22
JaswanthSomise1,0.29
jorgepb99_,0.11
Kb24ThaGr8est,0.01
KeithWo4418,0.5
korsoraattori,0.25
LeftistsofMN,0.75
LokeshPayik,0.06
LuvAddictZ,0.09
malky30,0.13
marcahershberg,0.31
markskoljrTV,0.02
MikeCamunas,0.11
MinutoYa,0.48
MJ_1_0_1,0.19
MLBNetworkRadio,0.08
Msgivesashit,0.42
NuMaxCinemas,0.42
Paisano,0.12
peekasso,0.25
Psychohate_,0.21
rambo43_hahn,0.39666668
ranjit35542,0.12
RarewavesCom,0.23
raysmario,0.06
RebeccaFit14288,0.47
Red5mom,0.06
saideepak627,0.13
screenwritrobin,0.21
swilkerson31,0.64
Tisha57341699,0.46
WakeDuhFuhCup1,0.29
whiling15,0.36
Whitepepsi420,0.55
XOANTY,0.06
ytssubtitles,0.75
2getaticket,0.06
4self78,0.03
88abcdefg4,0.33
adama4692,0.17
aimeespage,0.05
AlbertoMacias2,0.33
AngelStudiosInc,0.22
anilda7777777,0.1
arykster,0.04
b2bmoviepod,0.02
bane_cam,0.17
blaisengo,0.04
blue_route,0.79
Blue_ROUTE,0.25
CDNBaseballNet,0.15
chennaivision,0.15
chisengamusic,0.07
Cinematalks_,0.04
ClapperPodcast,0.04
Class1Action,0.12
CLEFandomPod,0.3
Coach_Smitty757,0.2
ConesHighWaters,0.17
DeeCeeGee89,0.06
ElFanaticoDom,0.04
FLAstrong76,0.46
foreverjackson_,0.24
GrindItOut,0.09
hartford_movies,0.71
HIRO92414821,0.41
jbcmet,0.63
jj_investor,0.27
jkmoncol,0.21
j_macgeever,0.24
JohnPalcisko,0.11
KishorTrvedi,0.16
KML__A,0.29
Koimoi,0.03
KollyStudio,0.03
kollywoodtimes,0.07
LuisMurphy,0.02
Mass_Haas,0.16
MillsEton,0.65
MLBMovesTracker,0.07
MondayNewsMedia,0.67
newmandavecf,0.0
NYMFrontOffice,0.35
puesyopuesami,0.15
RafaCedrall,0.08
raisb007,0.03
rkp5695,0.06
sabari03_,0.02
ScottyGoodacre,0.09
Shiivaa4,0.03
spotrac,0.01
SunderlandLolly,0.23
TamilCineXpress,0.17
tire1ban_Tw,0.17
TKras,0.12
TonyaLJackson1,0.12
tonycfa,0.11
TrumplicanPat,0.08
Truth2020Seeker,0.14
UniquelyTheOne_,0.08
urfavdoozer,0.13
valhallapics,0.02
Vijay70269050,0.49
votreculture,0.17
WKuhnel,0.04
xshin_yamax,0.04
Yensid01,0.21
AfAbstract,0.2
albertahippy420,0.11
APlusOpinions,0.05
ariieldejones,0.61
AttorneyUrso,0.1
Balakhoff,0.28
BillyDeMoss,0.81
billythekid2016,0.01
bombaytimes,0.01
BookPlainElaine,0.08
BryanBerg2000,0.28
ChachaOsanai,0.06
cinwall01,0.26
ComicCrusaders,0.19
Curt_ADOS,0.08
dailystarnews,0.0
davidmarchie,0.1
DelhiTimesTweet,0.06
Djany3405,0.4
drew_smith_9,0.34
ElExtrabase,0.04
FilmBudget,0.16
FilmOneng,0.06
ForMyTeslaY,0.21
fuji_tire,0.86
Great_Katzby,0.08
greenmagmedia,0.47
htcity,0.05
IamRagbon,0.35
ichi971,0.21
IrishFilmCritic,0.06
IronWill2023,0.4
JamesFox917,0.12
_jessejiga,0.13
Joel00243,0.09
JonesTarasha,0.1
Just_A_Reds_Fan,0.23
JustinBush88,0.33
Karthiknjartist,0.33
KevinOnEarth,0.11
LatinoAgenda1,0.26
LivingOnChi,0.24
LucindaRhysEvan,0.49
Minomusitatsuty,0.05
MPBHH,0.11
mxdwnmovies,0.09
nancythenance,0.08
onlineradiobox,0.14
park_mapper,0.63
PolProctologist,0.27
PROSundarbala,0.3
Regios_Cuadrado,0.83
RonniDa17650907,0.4
SANCORcommunity,0.28
Sartorious6,0.49
Satuki11321,0.14
shibainukotaro2,0.37
SoCalCoolidge,0.08
supernova_wave,0.46
SureshThalaSC,0.12
TamilaninCinema,0.26
tampafreepress,0.09
TheChuckGlass,0.03
TheDandaNayaka,0.4
ThePavSA,0.1
tonygironda,0.15
ULTRATRAILERS,0.53
urstrulysufyan1,0.12
vikram_rus,0.12
VOXLebanon,0.54
waynefg2,0.26
whanklee,0.09
Jfreeg_,0.67
John_Rossomando,0.14
nice_gj,0.31
8k57rn7n7p,0.46
Aina_Iyabo,0.17
anthmalu,0.35
arch_diamond,0.1
ariieldejones,0.61
ATLGAUSA,0.34
BigWillyStyl619,0.2
BillyDeMoss,0.81
bollywood_life,0.03
BurtonPixels,0.14
CDNBaseballNet,0.15
ChachaOsanai,0.06
ClapperPodcast,0.04
CLEFandomPod,0.3
davidmarchie,0.1
DeejaeD2,0.03
Devendo1981,0.07
ElFanaticoDom,0.04
FilmBudget,0.16
ForMyTeslaY,0.21
fuji_tire,0.86
gaviotacocinera,0.06
goldeinmind,0.53
GrindItOut,0.09
HiFiTalkies,0.05
Historia_Romana,0.99
HollywoodArtLH,0.15
Homein22,0.03
JessyAraiza3,0.28
jkmoncol,0.21
JustinBush88,0.33
KML__A,0.29
korsoraattori,0.25
LatinoAgenda1,0.26
LibertyAngelUSA,0.21
LuisMurphy,0.02
markskoljrTV,0.02
MarkWerling5,0.19
marymaywrite,0.69
MondayNewsMedia,0.67
mrr_ouija,0.04
MsJuicyGenius,0.08
newmandavecf,0.0
nice_gj,0.31
PrashunGRoy,0.25
Psychohate_,0.21
ptchat,0.02
QueenVictoriaRV,0.06
RafaCedrall,0.08
raisb007,0.03
RarewavesCom,0.23
RebeccaFit14288,0.47
runews,0.04
rynoufc23,0.45
sabrinalenee,0.73
ScottyGoodacre,0.09
screenwritrobin,0.21
sumnjam,0.01
TamilaninCinema,0.26
teasertrailer,0.07
ThamizhPadam,0.08
themoviewaffler,0.29
therealinformer,0.33
tonycfa,0.11
TonyMenendez21,0.07
trinaboice,0.23
TrumplicanPat,0.08
urstrulysufyan1,0.12
Vijay70269050,0.49
votreculture,0.17
VOXLebanon,0.54
WakeDuhFuhCup1,0.29
webfinet,0.53
25254545bone,0.16
27outs3c,0.59
78tiger,0.06
ahstaten,0.28
aimeespage,0.05
AlexWisePNZ,0.48
alnuaimifx,0.23
ArMaghak,0.11
arykster,0.04
Balakhoff,0.28
Bear_Faced,0.13
BNN_Breaking,0.235
bombaytimes,0.01
chiyandinesh246,0.23
ComicCrusaders,0.19
ConesHighWaters,0.17
Djany3405,0.4
dp_karthik,0.1
eastoftahoe,0.33
EngagePolitics_,0.6
Fandango,0.03
GabrielMaldini9,0.43
gtbarry,0.04
horrormovietalk,0.17
IrishFilmCritic,0.06
JamesFox917,0.12
Janakiraman51,0.22
janebharrison,0.23
Jaypers413,0.33
Jsoaresdesign,0.31
JuanHustle,0.15
Just_A_Reds_Fan,0.23
justearthnews,0.46
KishorTrvedi,0.16
LegendOwnMind1,0.42
lovegrace893255,0.48
LucindaRhysEvan,0.49
Magdalenita_cs,0.2
Maneksidd,0.31
marveljacketusa,0.6
Mass_Haas,0.16
MillsEton,0.65
Misterrr_prime,0.02
MLBNetworkRadio,0.08
Msgivesashit,0.42
Odeh_JuniorOdeh,0.02
Padma70328265,0.22
PCreighton1,0.09
RaysRadio,0.01
RealJessRussell,0.16
rinconfriki_es,0.1
RobinDo28589698,0.49
RonnRiddell2,0.1
RutkowskiDr,0.48
Ryo_pastime_etc,0.08
screenrealm,0.11
serkanarslan_17,0.03
stevecarney,0.02
swilkerson31,0.64
TheChuckGlass,0.03
ThePavSA,0.1
therappilot,0.02
troothbtoad,0.05
TylerPartridge1,0.16
4self78,0.03
77imlab,0.02
adama4692,0.17
AfAbstract,0.2
albertahippy420,0.11
AlbertoMacias2,0.33
avtramontano,0.16
billythekid2016,0.01
BrownNoona,0.39
BryanBerg2000,0.28
C3_Tooth,0.28
chennaivision,0.15
chisengamusic,0.07
Cinematalks_,0.04
Curt_ADOS,0.08
dailystarnews,0.0
DCMoviesTV,0.28
greenmagmedia,0.47
hartford_movies,0.71
iamdavidposada,0.01
iamkolib1,0.25
IamRagbon,0.35
ichi971,0.21
IgaPhilip,0.42
jakelarsen,0.14
JaswanthSomise1,0.29
jj_investor,0.27
JonesTarasha,0.1
JorgeHoruge98,0.47
jorgepb99_,0.11
KevinOnEarth,0.11
Koimoi,0.03
KollyStudio,0.03
KurtVermeulen,0.04
LeftistsofMN,0.75
LuvAddictZ,0.09
MJJRepository,0.15
MLBPipeline,0.01
Morales4SDMayor,0.03
MPBHH,0.11
nancythenance,0.08
OscarBarbera7,0.2
Regios_Cuadrado,0.83
ronaledo4,0.1
sabari03_,0.02
SANCORcommunity,0.28
Sartorious6,0.49
Shiivaa4,0.03
sleepyguymike,0.09
SoCalCoolidge,0.08
spotrac,0.01
SSMusicTweet,0.04
sypher0202,0.1
TamilCineXpress,0.17
TBRaysRepublic,0.09
TBTimes_Rays,0.14
tejamultimedia1,0.11
TheDandaNayaka,0.4
TheErimtanAngle,0.14
thehopczar,0.15
TheLadyKayB,0.24
TheSportsGPS,0.78
TonyaLJackson1,0.12
tonygironda,0.15
TonyMarrese,0.01
TrumanDoc,0.49
vikram_rus,0.12
WeAreSoSugary,0.52
Whitepepsi420,0.55
XOANTY,0.06
ace_autocraft_,0.02
Aeontisty,0.05
allentheatres,0.18
AnnaJakobsson33,0.47
bane_cam,0.17
BaseballValues,0.08
beisbolporgotas,0.46
Cinephellas,0.27
Class1Action,0.12
dahgus,0.09
DanielBlackaby,0.34
doctorgfitness,0.09
emandtssports,0.11
Fantastic6133,0.27
Filmy_Wood,0.04
FLOW_The_LG,0.18
foreverjackson_,0.24
Gematria1958,0.50166667
htcity,0.05
images_tv,0.4
InsaniaProd,0.31
JaRaNo1128,0.06
jbcmet,0.63
Jewish_YP,0.64
John_Rossomando,0.14
justmyopinion84,0.04
katyanna25,0.04
KimyataKim,0.19
kollywoodtimes,0.07
LucasBoggPhotog,0.03
maaklabo,0.71
malky30,0.13
mathrubhumieng,0.1
mjafri1214,0.74
MovieSquadPR,0.05
OnlyKollywood,0.02
pan062020,0.43
paul_can,0.13
peekasso,0.25
PHWiseman57,0.5
PolProctologist,0.27
rambo43_hahn,0.39666668
ranjit35542,0.12
Red5mom,0.06
retiredmedicwtc,0.18
rkp5695,0.06
romiromi3253631,0.33
RonniDa17650907,0.4
Ruthless1984,0.04
saideepak627,0.13
seawavemag,0.64
ShannonLMo3,0.05
SHIELDZephyrOne,0.65
snow9aka,0.44
SureshThalaSC,0.12
syedsalmanqadri,0.48
TheLoveJones1,0.33
tire1ban_Tw,0.17
Tisha57341699,0.46
toystnt,0.22
Travis_D_Harvey,0.71
UniquelyTheOne_,0.08
valhallapics,0.02
whanklee,0.09
Whitlina,0.07
WstLondonGarden,0.26
xhertx,0.15
ZachGatsby,0.05
2getaticket,0.06
3q_a7,0.05
88abcdefg4,0.33
Agentbean001,0.38
AlBatBeisbol,0.12
AngelStudiosInc,0.22
AriA1exander,0.02
Arijit30021470,0.35
AttorneyUrso,0.1
b2bmoviepod,0.02
Bettsy41,0.06
blaisengo,0.04
BlujayVisuals,0.11
BookPlainElaine,0.08
cinwall01,0.26
Coach_Smitty757,0.2
ConnerBabcock06,0.46
DaRealShaloEK,0.2
dave_show4,0.1
DeeCeeGee89,0.06
DelhiTimesTweet,0.06
drew_smith_9,0.34
dwamsart,0.05
ElExtrabase,0.04
enumion,0.04
EonHoldings,0.53
Francis42185464,0.51
FungoMedia,0.27
gjofoxster,0.48
glitcheffekt,0.48
Great_Katzby,0.08
HotaruHikaru2,0.32
Jfreeg_,0.67
Joel00243,0.09
JoubaierJ,0.31
Karthiknjartist,0.33
Kb24ThaGr8est,0.01
LanierTrader,0.39
LeachartsMarte,0.01
LivingOnChi,0.24
LokeshPayik,0.06
marcahershberg,0.31
Marshal5447,0.59
matthewpepin_,0.18
Minomusitatsuty,0.05
Movie_Scoop,0.08
mxdwnmovies,0.09
NYMFrontOffice,0.35
Panther167,0.36
park_mapper,0.63
puesyopuesami,0.15
raysmario,0.06
RealJames_007,0.02
RotkaliOlsun,0.08
Ry_Bass,0.16
sei_iza,0.02
shibainukotaro2,0.37
SOB_pod,0.14
SunderlandLolly,0.23
tampafreepress,0.09
tbsports33,0.03
Trifected,0.09
ttimagazine,0.19
ULTRATRAILERS,0.53
VouxSite,0.46
whiling15,0.36
xshin_yamax,0.04
Yensid01,0.21
ytssubtitles,0.75
affordindianart,0.07
AmbassadorIleka,0.07
anilda7777777,0.1
APlusOpinions,0.05
BaseballReport_,0.7
blue_route,0.79
Blue_ROUTE,0.25
blurayangel,0.1
CageFight_Pod,0.36
CGMagonline,0.06
Christian1White,0.33
christian1white,0.68
CineplexMovies,0.05
Cinesite,0.13
ColinK997,0.02
danpei_design,0.73
DianaSpeechless,0.05
DieAngry,0.1
FilmOneng,0.06
FLAstrong76,0.46
GalaxyTheatres,0.07
HappyFreeSingle,0.39
Heather_71USA,0.19
HIRO92414821,0.41
iChongqing_CIMC,0.0
IronWill2023,0.4
_itsashleyc_,0.05
Its__Nikki_,0.11
iyad_okour,0.49
JabotBeauty,0.09
jayRecher,0.04
_jessejiga,0.13
j_macgeever,0.24
JohnPalcisko,0.11
KioGhostV,0.21
KollyBuzz,0.03
ladyg2021,0.28
LammertAlbertus,0.27
LilPhinger,0.37
LTDavidAragon,0.26
MagNewsMedia,0.45
malcotheatres,0.05
Marky_Meinsen62,0.26
mdcinemax,0.86
MENAFN,0.49
MikeCamunas,0.11
MinutoYa,0.48
MJ_1_0_1,0.19
MLBDeadlineNews,0.02
MLBMovesTracker,0.07
NuMaxCinemas,0.42
oddsmaker,0.79
onlineradiobox,0.14
Paisano,0.12
PHX_USA_Sports,0.19
PROSundarbala,0.3
rajkumar_thiru,0.16
RamasScreen,0.21
rameshere,0.21
renflixmedia,0.14
sakuyaidol,0.38
salman220520,0.47
Satuki11321,0.14
SnoozerIIVMMXIV,0.32
Stharblhezie045,0.21
supernova_wave,0.46
tbrant55,0.03
TheELBushman,0.07
theNavyBratt,0.19
TKras,0.12
topfanscorner,0.45
Truth2020Seeker,0.14
urfavdoozer,0.13
waynefg2,0.26
WKuhnel,0.04
cemeteryexchang,0.47
KeithWo4418,0.5
AllStar_CASH,0.0
_amarsig_,0.02
ArteagaAedo,0.16
BaldyNFL,0.0
BBouchard318,0.25
bearsfanburner,0.26
B_Eds517,0.1
beigs,0.17
Bettydoyin13,0.19
BigAndyUS1,0.02
Blackdeath_0,0.48
ChrisCasquejo,0.09
ChrisDPOMAY,0.23
ChristianArinz8,0.05
CincyYinzer,0.21
daleschwach,0.13
danadirks48,0.12
dclynick66,0.23
DeyCallMeTravis,0.18
drbyona,0.33
DreCapone_11,0.18
DrMauricePugh,0.02
fishsports,0.07
fuugoddess_,0.0
HenryMorgan73,0.05
IamBigJay,0.14
Iceman1373,0.23
ImperfectBob,0.02
itson2sweetz,0.24
jitterbug1977,0.05
jjesse,0.04
John15452325,0.54
johncdileo,0.01
joylilacbeauty,0.24
J_Rosa23,0.06
JSulli2121,0.18
jtluch,0.05
kofohwohrola,0.32
latoyaishahenry,0.06
lomaxc59,0.37
Mackewich,0.29
MacStoddard,0.01
MarcRyanOnAir,0.07
michigan_truth,0.3
MooseNSquirrel0,0.36
mrbarranca,0.01
Mr_Regret,0.11
MrRockinWTB,0.07
NCAAShutout,0.23
NClarke013,0.18
OldManGweedo,0.16
PetrasSportsInc,0.11
PFuentes74,0.53
phnxrising89,0.19
quickpitches32,0.03
Roar1934,0.44
RobertPolacek,0.3
sarath4rays,0.12
SayNoMore21,0.06
SCSparty,0.14
sportsjunkie80,0.83
sunnyiyanya,0.19
swaltersrn,0.15
TheNermy,0.08
topfanscorner,0.45
xfactor6978,0.4
Ye_FLuFFy,0.13
ZigSportsVoice,0.15
1982GAP,0.38
30seconds,0.17
54Monstro,0.16
AJaversa,0.17
antoinespastry,0.81
aznyc2,0.16
Bardoluv,0.37
BaxFootballGuru,0.19
BlueSox35,0.47
BobbieHill,0.06
bushwood_c,0.08
C4SEY85,0.07
CoolbetCanada,0.05
Da313D,0.16
DarkWaldoTTV,0.14
DropSquad_52,0.11
EdwinFi94733275,0.26
emnicole835,0.01
getemhigher,0.13
gglenner,0.05
GJohal1234,0.05
goLoko77,0.17
iamjegzy_jnr,0.33
ibroughtcookies,0.09
Imkingofdetroit,0.34
KevinEv97779801,0.41
KIENDYGURL,0.2
kiingmost,0.1
Ky3217,0.01
LinoCruz_1,0.07
LupeJua64120044,0.45
marcinarcadia,0.33
MoBruner3,0.18
moffdece,0.18
mtoth913,0.81
NatSparbeck,0.06
NeigCrypto,0.09
NFLFantasy_More,0.72
Ni_N9ne,0.2
NobleShitzoo,0.11
NWSBillings,0.05
Pen63,0.08
Philouimette_,0.08
pinpointsports,0.44
PinPointSports,0.96
PistonsWatcher,0.07
PlatypusLyfe,0.1
PolishFishman59,0.1
profpatti,0.09
Queenflaair,0.1
RecallsDirect,0.74
reganhogan14,0.19
rellik_hunter79,0.22
ReturnOfTheMig,0.36
richardblaylock,0.11
RIPMegatron_81,0.33
RotoLineups,0.04
RussNFLDraft,0.16
RyanJCohen,0.1
sa1tyrose,0.11
SMingFootball,0.31
SparkysGhost,0.15
sparkysghost,0.97
TheMace,0.07
TheOnePrideGuy,0.19
TheSitDown716,0.36
tokyo_kyoto_jp,0.02
tonyspam,0.16
wannabekraze,0.09
xomandyyyxo,0.02
zPrestige12,0.37
23XIsquirrel,0.13
24Roger_S,0.08
703jitslover,0.06
77jano77,0.14
AdamSmallKSL,0.42
AnkitMahapatra2,0.8
BadChoiceMilk,0.06
BfpSocialmedia,0.25
bignemo80,0.24
Bkey313,0.11
BolexcyVibes,0.32
bourgeo3,0.22
ByronHobbs6,0.4
CoachBWilde,0.02
connieburke,0.12
ControllaLucid,0.12
coreychilll,0.02
CWFFLeague,0.18
Erik_Parsons,0.11
fearlesskristn,0.06
FueledByMotown,0.18
garretco,0.26
gondeezy34,0.18
gregking52,0.5
iyad_okour,0.49
_jacobmfisher,0.01
JGallagher_22,0.09
jimbob_70,0.21
JLump22,0.23
Josefius,0.05
JReames4,0.15
jreames4,0.81
JustinManeOff,0.06
kayboo1284,0.6
kendohllparker,0.36
klinger2069,0.1
LadyTrooper97,0.1
larrynemecek,0.1
LaurenAshlei,0.07
LionsOnTap,0.16
LionsRoyalty,0.02
LovelymarisaT,0.05
maddawg906,0.48
MalikCo47110763,0.49
matthewfelan,0.18
mbarer,0.25
mclaughlinshow,0.01
MitchellKinner1,0.13
Moonknights1,0.03
NateRheinheimer,0.06
nez7won4,0.05
NYYanks2009,0.39
onikafanonly,0.14
OregonDOT,0.03
philcolley,0.3
Real_TroyMuller,0.17
Robertofarad,0.28
SharonKise18684,0.57
shinglestrup,0.19
SjohnFiredUp,0.17
steelpond,0.18
TheBeenibaby,0.41
TheKevinEaton,0.02
TheProfPearlC,0.4
T_Kelllz,0.11
TonyMillions,0.01
trent_weather,0.51
twistedjazzman,0.46
vee_monty,0.07
VitoJerome,0.04
WetKissesB,0.19
xArczy,0.12
zel_______,0.27
69LatzSummer,0.57
AdamWessel,0.24
b0wseytoffeetit,0.07
bechtelJOE,0.01
BlakeEM_,0.0
Blunt_Tre,0.14
boonersports,0.01
bspence5,0.07
ByScottBarrett,0.09
chefericap,0.13
ChrisA_______,0.1
CJ_Megatron,0.36
cooki3boii,0.04
dan_doebler,0.34
DannyBennett,0.72
dannybennett,0.44
DerySpeaks,0.11
DHEupdates,0.05
djamesrealtor,0.24
d_nwo1,0.21
DrDCH,0.55
drosssports,0.05
DustyPicks,0.03
dustypicks,0.56
EricMDorsch,0.12
erikscards,0.25
fairytrailstory,0.57
fmunozj,0.1
FootballThird,0.09
iamerasmo,0.37
IamTonyBanner,0.51
impeachdummy46,0.26
jakharicarroll_,0.23
JosephToscano3,0.19
josephtoscano3,0.25
j_R0dr1g0_51,0.56
justice4martha,0.33
KashaDa61278002,0.32
ketchphrase,0.41
kevaxe2k2,0.08
liberty_rules76,0.31
marshallchrisl,0.28
MSU_Yoda,0.07
myfriendtheend,0.09
Nachos_News,0.58
NicoTheGreco,0.06
NotLuigi89,0.03
OnikaGag,0.43
pfnnewmedia,0.08
Pink_92rose,0.44
QutThroatSports,0.47
ranjowe49,0.09
RonnieMoe313,0.09
RyanSchuiling,0.11
scalawag4life,0.04
SCSportsTruth,0.2
shbates2009,0.05
sigurmoz,0.12
SonnyMartinezFS,0.17
steveflo24,0.18
thehaileemurphy,0.17
theonlycsharp,0.69
thos427,0.06
TotalTrafficBTR,0.74
tquick67675,0.05
tribefan248,0.07
tvogel1985,0.01
TylerEd36495638,0.49
ultramiriam,0.02
UntoldNetwork,0.79
VitalusBets,0.13
AKMuskie,0.13
AP804,0.04
BallInSportsNet,0.38
Beezer94585559,0.44
BlakeProperties,0.03
BlindSavior,0.46
BoissereeC,0.08
Bowman73,0.07
Bsmooth1992,0.2
CoachHaring,0.07
DannyDelgad0,0.24
detsportsnation,0.23
DonCar177,0.16
donnas92,0.06
Dzizzle94,0.09
EvanVanWormer1,0.09
FlyguyEnt_,0.08
frobeniustaco,0.21
G_grindin,0.06
GotoKilroys9pm,0.21
HeartyApple,0.03
Itslunknown24,0.39
ItsScottyD,0.02
JeremyScrivens,0.12
Jfromthe_D,0.56
jjthomas06,0.11
JoeyKrancich,0.12
JohnnyBuckets9,0.05
joseram221998,0.57
JoshuaBHoe,0.24
Lions,0.0
lodgeboywork_5,0.04
M0wealth,0.31
marybethxx6,0.1
MetalMikeTTV,0.13
mglbill,0.1
MGoBlue_Gage,0.04
MichaelMonitz,0.08
MitchellBuck24,0.04
moresoduh,0.04
ms_reesa,0.1
NatoliKaren,0.09
NickJoe58,0.09
OmerBaum1,0.46
OnofrioRino,0.02
OujaStrike,0.21
podbyeweek,0.24
Reeda97748030,0.22
RevErik,0.08
RREED85,0.07
shaneluigi13,0.14
sharkey,0.24
sladak4you,0.04
SM1Jobs,0.24
Sweasy26,0.03
TheRealESiV,0.13
TheRealTD44,0.58
titorolo,0.06
tweetyalexander,0.27
urfav616boy,0.01
wizOfWoodward,0.04
wwhiteclaw30,0.49
YanggangCrypto,0.1
62jovi,0.01
adamslife365,0.06
aggedor_,0.05
amtifyshopping,0.59
AngelaKarnes,0.04
AngelaMagana1,0.0
barbiebrox,0.2
BillNicholov,0.45
BorowskaIza,0.15
bumplovemi,0.65
cincygreghoodin,0.27
ClayRobi,0.55
Damsonplums,0.03
danielle_lou,0.11
Daniels_Hawaii,0.01
EmilHensley,0.8
ernpup,0.26
Fakhartwelver,0.1
FokushabaE,0.24
gamershhh_vika,0.12
geoogwang6,0.26
ghettokidstfug,0.36
glfamk,0.09
GrizzlysAJHL,0.07
InkfinityJax,0.44
itisnathaniel,0.03
itzFrayoo,0.17
JasonAdamsWFTS,0.03
JDSHELBURNE,0.07
jj_superhero,0.29
j_steltz123,0.4
kimwonmi2,0.1
lales_lyn,0.05
LishawnConsult,0.02
LochrieTucker,0.71
mannysoriano1,0.38
Milthon13,0.34
NeilEvansmail,0.45
NewswireLE,0.53
RawMaxximum101,0.21
rebeldenaweb,0.34
reynbow101,0.79
RollingStartInc,0.68
RuBaRu_app,0.29
Shigure_99,0.13
sports_god1,0.32
Sqalbemuhammad,0.02
SStonemaker,0.22
stevehays,0.22
t42592,0.28
TanyaCurry1,0.21
TeachableHeart1,0.68
TheresaArbowOC,0.33
Tisha57341699,0.46
tsuba1207a1028,0.07
Tuzzi44Kesler,0.18
vandyman900,0.15
vapesocietycbd,0.57
Viriksonholiday,0.34
walktoenjoy,0.06
winginitcrew,0.19
ZackApps_Off,0.82
zedzedemem,0.23
ZTNPrime,0.06
49ers_4ver,0.26
5nightsatfredd3,0.75
ABLBOSSJG,0.18
AdamMayweather6,0.09
AfricanDream01,0.07
alexiogrenier,0.04
ArrayStores,0.28
BSErecordings,0.22
BuySoftwareApps,0.66
Cards_For_Evry1,0.3
carlvito_gaming,0.31
chrisadamsuk,0.08
Chris_Theurer44,0.25
clocks_101,0.09
conserv_tribune,0.03
DadooFrank,0.06
DailyMandel,0.82
DariusS56733694,0.55
DinoBirdOfDoom,0.1
DivineBodies,0.05
Divot13,0.05
Drimorg,0.93
drvictormbrown,0.31
fedai_emre,0.8
Fort_Belvoir,0.06
godependable,0.4
greyskiesinc,0.6
HiteshPrajapt7,0.27
huntershea1,0.02
Im_Sabih,0.46
jimsonveed,0.01
JoeGrins,0.13
Johnlongson,0.05
KennethJWeiss,0.95
leakingmouth,0.08
LostX7,0.22
m1ssbhav3n,0.15
mediapython,0.58
MichaelRayRound,0.22
Mikell13201,0.36
minecraftmodrf,0.4
MosesEAli,0.09
MSulaikNaukhez,0.45
NahuriraVictor,0.21
ncsinformation,0.25
OURbabeboutique,0.64
padraickeohane,0.03
Pascaliskandar1,0.62
PrameyaEnglish,0.36
PSTramway,0.13
QPSBenchmarking,0.27
ReviewForTwo,0.17
RoyisRoyal,0.13
SaligramaLab,0.28
scottdoggaming,0.22
T19971623,0.23
TamaraHalverso4,0.37
threel_master,0.74
TruFitStore,0.33
Uccaihsrava,0.09
_vickymanalo,0.05
wadt,0.17
zazoomblog,0.49
1607WestEgg,0.24
689jj,0.49
AhmadRasoul,0.07
AlexJCornell,0.24
Alicja87549052,0.26
arabnews,0.02
BeOurGuestMike,0.28
BOSSGIRLFUTURE,0.32
CatOutOfTheBag2,0.27
CeoPalm_Paula,0.49
ConiDubois,0.16
Dalegusmc1981,0.09
D_and_DHaiku,0.31
davidsongrouphr,0.63
DFOglobal,0.39
drpatfrancis,0.13
feravilalozano,0.14
GameDAVerina,0.46
gamesfriendweb,0.86
GamingZadyn,0.21
geoquaid,0.66
hanarasoft,0.76
I_a_c_o_b_u_s,0.01
ImportsDuke,0.35
JanelleWaz,0.11
JoinALC,0.16
KBow5,0.07
Kevenlaw,0.16
leno4kaPr,0.94
lunapeachie,0.02
mahoroba_95x,0.14
Mark_MyWords23,0.08
marlonveigafor,0.7
may94780624,0.22
MitchellWebb85,0.04
MLPACTU,0.83
moviereviewrela,0.1
NaseerA33270132,0.26
NBShillers,0.37
NpoReports,0.04
NSM1110,0.26
Otherbots,0.61
peaceasset,0.29
prontoservicefl,0.74
Pxxrox,0.33
rj1975,0.1
RockybearG,0.47
Rottronic,0.13
rtiscarten,0.05
smilindesporado,0.5
SniperPheanom,0.04
SnoozerIIVMMXIV,0.32
TheNeptoonLP,0.5
toddgthompson,0.03
TommySomerton,0.03
underratedtwit1,0.64
VelexAdvisory,0.91
VerdPackaging,0.21
VideoeNET,0.7
VideoMusikMP3,0.93
VindeshiSTAR,0.32
WestEndLondon8,0.41
211LACounty,0.42
a25022327999,0.36
Artist65327588,0.35
atyam,0.24
baileymcd1888,0.65
BnchmrkAbrasive,0.48
camor997,0.16
Ccity3,0.16
CelticLife,0.45
ClaudeG50987350,0.86
ClubCraig,0.09
ConslancioOnlus,0.03
CoolQuinn25,0.81
DaMeKnight_3,0.09
DanMac2014,0.18
Dima22573893,0.38
DotyStephan,0.92
drBernard_Davis,0.05
ElectionsAB,0.27
eniola_onasoga,0.26
ericlevymusic,0.05
Fashion19961,0.17
frenchthom,0.08
GodBExaltedinMe,0.14
graffittistudio,0.86
HardwareBuy,0.79
highlandcc,0.12
JAUOfficial,0.1
jf_rolland,0.04
KathyRealtorFL,0.11
katouyujin,0.36
KEdwardprimary,0.51
KJWatersAuthor,0.29
kostassfirakis,0.65
KriegarWolf,0.35
KShermanSports,0.13
make__diff,0.05
Mark_Uncapher,0.08
Michael_the_bum,0.56
MineCraftFLL,0.67
_missVinyl,0.19
MpologomaVictor,0.35
PimpMyLife1,0.83
realpopchrissy,0.17
Right360com,0.41
sexysteve_93,0.17
solutions_mis,0.76
SuspenseWrtr,0.25
TeslaDogs,0.29
thebest_joonie,0.25
TMainolfiWESH,0.13
VLOGSTUBEcom,0.85
xkohuvuv,0.63
4MEDLEN,0.17
akfort44,0.19
alexfirth21,0.13
AnteUpConsult,0.16
ArmyGamer305,0.49
Bambamlld,0.09
BennettMcnally,0.13
betsbycris,0.41
BillLekas,0.16
bill_poston,0.25
BluejayBuckets,0.28
BookAddictGrrl,0.08
BWMcGair03,0.08
ByJonHeath,0.11
calvaro,0.18
cf_HotTakes,0.22
CowboysFan714,0.05
denzelayeah,0.47
DetroitTankCity,0.1
dhbclasouth,0.3
DLightz1,0.12
documax,0.07
DonJamesSports,0.16
DuncanRobertwin,0.05
emajmtothej,0.14
EverygameSports,0.81
FantasyInjuryT,0.16
FilipeVdc,0.1
FreezerOnTop,0.46
fyefrezzy,0.54
Gatimo,0.49
goodgrlbreabrea,0.13
HitTheBooks_Pod,0.31
J2GamedUp,0.09
Jack_GOE4life,0.38
Joe_Sway,0.39
JTTheBrick,0.13
kareemslick,0.22
l0uFromDaBx,0.02
lauren_cataldo,0.17
LegionofA,0.26
Magic_Mahomes,0.27
MarcWeberSports,0.01
MichaelLibbie,0.3
Michigan_John,0.05
ModeFoker27,0.14
NoahsArcOffical,0.16
PatLeTexan,0.05
Phroz3n_TriUmph,0.06
phyliciakara,0.42
RapSheet,0.0
RedgmanNyc,0.2
rocanlovervic,0.06
ronniewhitmore,0.06
ScottRafferty02,0.05
SetSail1976,0.23
SkiNLikeNuTeLLa,0.12
smartmktguy,0.12
spursodyssey,0.03
SSDavidT,0.26
TellyBaby22,0.08
TheBettingM,0.78
TheFleshGordon,0.29
thewgpodcast,0.32
Tobycally,0.06
TravisFuguet,0.04
ViNDiNi,0.27
WDobison,0.02
zane512,0.14
12s_4life,0.1
20UnDiSpuTed13,0.11
AARONIZKING,0.14
Aaron_Lafond,0.02
ABall1989,0.05
AssassinPicks,0.98
BergesProd,0.32
BetClag,0.23
BradBerkowitz,0.06
BruceBeck4NY,0.2
BSoloNJ1,0.22
cheekybollock,0.21
CLButler76,0.11
Coach_B_Jones15,0.26
craddyshaq,0.26
Craddyshaq,0.26
CraddyShaq,0.04
Cronusvan,0.11
dugless1ders,0.39
Durpadu,0.0
FrancisMpu,0.21
garykey925,0.06
GRevmgbrown4,0.2
HerminioRay,0.31
HHec13,0.2
JaviMunozJr,0.22
JaviMunozJR,0.12
JMcCulloch13,0.07
johnnyjohnjon83,0.31
JordanKatz11,0.03
JoshOnAir,0.19
Justin_cMiller,0.02
KatosPicks,0.05
KellermanFaxx,0.37
Krystalness,0.02
lasvegasbetting,0.38
Lets_Go__Flyers,0.09
Lifes_Not_Easy3,0.05
lostdogs20,0.08
lucasfrankel,0.02
makyu49ers_FTTB,0.23
marsbarxx123,0.08
mhall1183,0.18
MilwaukeeHotBuy,0.33
Moosh0611,0.23
MrRecord,0.05
MxZvGx_,0.09
NathLFC24,0.31
oldbayqueen74,0.02
onetwocross,0.36
PabloAguirreO,0.08
racing_flamingo,0.17
raysfan50,0.23
robkmusic,0.07
roque_coral,0.03
Rossitron5,0.1
shanden1125,0.53
SpursShirt,0.29
squonimo,0.03
stephenstackzz,0.02
sttouponse,0.14
taanubey,0.32
ThatsTheFactZak,0.11
TheDutchConnec2,0.27
TheReaIDjango,0.17
timriggins28,0.12
tommys50pesos,0.35
TwinsLD,0.12
VoiceOfTheStar,0.16
weallwantsome1,0.04
whatgreenlite,0.06
YigitD85,0.37
YuriyATL,0.33
abelgonzalez333,0.06
aintthatamitch,0.25
AnthonyMSG,0.12
Blackmartian333,0.05
Brandoniswrite,0.12
Chops120,0.1
chrisrahn,0.09
Clarktdalton1T,0.04
cward78,0.02
dctsports,0.11
DeezyReezy,0.1
Djbousquet,0.27
DKMR_,0.11
drboss202,0.12
EddieBNYC,0.07
FightRomeoFight,0.85
francinaaa_,0.03
GaryRWard,0.12
gfphelps,0.19
GrantDahlstrom,0.41
grudz2,0.12
guy24_sports,0.31
hamster893,0.07
heyy_riggs,0.01
HortBen,0.33
incredibleflam1,0.43
iriesta29,0.29
Ismael_BBM_NYK,0.08
itsgoingtorain1,0.11
jarvy0486,0.06
JenScot15004619,0.29
Joefanatic23,0.51666665
JordanHallWX,0.03
_JP26_,0.09
kavithadavidson,0.11
KPandal,0.01
LitaTweets,0.06
LJayy7,0.4
lubin_poncet,0.31
MarcoReNer_azz,0.05
Martinswagr,0.02
mmacnv,0.28
mstreppone9,0.05
NFLPenaltiesCom,0.15
NYCKING,0.43
NYJGreen16,0.29
ochoslize,0.64
oncediariomx,0.12
phishfoam,0.06
Pinner_G,0.34
PorterTexpat,0.33
RealBobManning,0.18
RealJamin_Joe,0.0
RMMannyUS,0.09
rudyllanes2,0.01
Shehroze_khan,0.06
SirQ242,0.38
Smittydoes3,0.03
Supracuckoo1,0.51
tbocchino94,0.05
tc0888,0.11
TheSirRobotto,0.02
Tony2Tanks,0.46
towen_5,0.01
Tzgrey77,0.24
vegas_man_007,0.35
VixenWonderland,0.18
zdmay,0.21
4Jia,0.12
ALCook85,0.16
Alex_Chatman,0.11
BellyUpSports,0.1
BowieTVSports,0.27
brandizz3l,0.14
BrettW_Voice,0.1
capksharma,0.11
Cappers_Picks,0.27
CooperGoede,0.04
ctsotsoros,0.02
DaveK70,0.16
DerWeisseHai09,0.88
DmicMedia,0.15
DON81527,0.3
DWhitti,0.13
EcoPro_x,0.26
FightingVoice,0.02
fightingvoice,0.38
Greg81742,0.23
grimson666,0.09
Hard2beM,0.79
HarveJacobs,0.02
hugo_mlsee,0.37
ImYourHostVick3,0.03
ItzDeshawn773,0.39
JacOnMac,0.12
JaredLuginbill,0.06
JDSportsTalkNY,0.15
JHook9,0.26
__JimmyBX__,0.23
jonnybgoode82,0.07
Juannn7_,0.01
K_AFred,0.66
Kat_4ReaL,0.14
Knickloyalty,0.14
KnicksCast,0.15
KnickWitAtitude,0.06
Li9nsR9ms,0.36
m1k3ym7z,0.21
MarcouxTyguy,0.32
Metfan2987,0.12
MigueloJL,0.06
mirror7news,0.15
_NathanAshcroft,0.53
NehybaPavel,0.26
NYBlueSportsFan,0.28
NYNC214,0.24
OdintheDog3,0.38
otter805,0.09
PanKnick,0.58
PaulFiore,0.17
Paulyy_K,0.01
PhillyPhillyPod,0.46
plautzenpanda,0.13
poorinvestor7,0.17
RealKathJL,0.08
___Riaa___,0.02
SCunn1932,0.33
SinglemanWQN,0.03
SKProFootball,0.05
slimshatty__,0.02
Spartaks,0.11
thaso77,0.13
thebreaksong,0.21
TJRosen_,0.07
tomknick,0.06
Tulymong,0.08
VonessaR,0.02
2BusinessSavvy,0.03
afpierce,0.05
AFPierce,0.08
AksharaVs7,0.61
all_about_aBenj,0.03
AllAccessNYKNYM,0.12
Andy_Beebe,0.37
bagasass,0.12
BARBARKIVE,0.11
Barbershopspor2,0.14
beinsports_FR,0.0
Bklyn57,0.55
bport0814,0.01
carloscartovar,0.3
ChefGunzYT,0.02
ChrisSaidWhat,0.19
CptheArtist,0.03
davram88,0.06
dukeofpeckham,0.25
El_WorkHorse,0.05
financejonE,0.09
friskykillface,0.1
GameChangerNick,0.12
GameChangerSean,0.08
iamanalicia,0.08
iamteionsole,0.03
JamesCali707,0.04
jayride88742017,0.55
jfranklinevans,0.17
JohnLeto75,0.17
JosephDMcLean,0.23
jrbfire1,0.02
KateOHareWrites,0.7
KingofPromos,0.2
kronSAYS,0.05
LegendaryLade,0.02
LiveBreatheTek,0.12
L_J_Sheppard,0.09
MAButz,0.11
MannyFresco16,0.14
Markusgarcia19,0.05
mattgzman,0.48
mccreav21,0.57
Mesut_FrOuzil,0.15
mikedaviswins,0.12
MNVikingZombie,0.07
nflrums,0.01
NYGreenMachine,0.18
NYPost_Brazille,0.15
OneAimSports,0.41
oursidman,0.24
R0am3r,0.15
ranked27,0.08
Rdrunner5k,0.08
RICKMA,0.03
RoofTopMariner,0.51
RTIsBack,0.14
scrosheesh,0.0
sportsguyjose,0.08
TheReal_21Kid,0.08
TheWorldOfDee,0.48
TonyRushingNY,0.01
Turbo1289,0.34
TurnpikeSports,0.37
unclebarkycom,0.05
wobble223,0.05
49er_edits,0.22
5thQSports,0.16
AlanLLee,0.17
Alex__Monaco,0.04
asdrubal3000,0.418
BC101089,0.15
_Beezo__,0.08
BerMEWdez,0.24
BLITZMagPrez,0.03
bostonsfavson,0.04
Bostonsfavson,0.11
Brian_McLachlan,0.42
CavsHoopman,0.15
Charles_OlivaAZ,0.31
chip403,0.06
chwder50,0.09
CoachRod_Rogers,0.04
CobraKaiGuy213,0.09
DavidMTodd,0.1
dc_realtalk,0.08
ddouglas7,0.21
declan_lennan,0.22
dkbricks007,0.2
DonSellsSTL,0.04
drsportsmedia,0.02
fare49,0.01
fishsports,0.07
gogokartt,0.27
HawkBoys515,0.19
Hawksbythesea,0.32
iamJsmoove99,0.09
Jackoclous,0.36
JeffRowan10s,0.6
Jetsfan5421,0.44
jjtuttle1216,0.32
JontyEvans,0.03
jwilhelm3,0.07
kaumlaut,0.23
KevinMSchupp,0.09
lawdogsports,0.08
LawDogSports,0.0
mediachristian4,0.21
Michael__Stone,0.07
MKinneyMedia,0.11
MrCleveland_216,0.09
MySportsUpdate,0.0
nateman79,0.03
NhlaloSnr,0.1
OutsideJohnny,0.37
PablitoCabrales,0.01
PatchAdams303,0.1
pee2019,0.08
PepeLeMokoSr,0.48
RPYK,0.28
Septacular23,0.17
SmooveLeCool,0.03
SpanishninersF,0.14
TalkingTrash_DU,0.15
TexasCouncilFV,0.23
theaboveallshow,0.33
THEEJoeMess,0.13
themrsLindsayB,0.01
TheReaLBruCur,0.46
TherealOggyh,0.12
TheSoleRanchNJ,0.27
_Tiffaaannniii,0.07
Topbunksports,0.11
VaclavUrich3,0.75
VisSwoops,0.09
VoirolJarred,0.14
VrginX,0.13
_WHOisJAYr,0.14
y0da7119,0.42
yadielo4,0.19
yaknowDUDE,0.11
AdyMix,0.05
Arrow1179,0.33
awfulannouncing,0.02
b0lofhaseeb,0.22
Basketball_SK,0.21
bradyrice4980,0.23
Brianramos0219,0.1
CedarEden,0.06
CLTcapper,0.12
collinsmandm,0.09
CRML21,0.15
cube_sports,0.17
DanielWClarkDWC,0.16
DannyG_NYC,0.09
EmergeInferno,0.14
Faazzla,0.04
FLOWERSRITA,0.57
FootballForeca3,0.25
green1golfer,0.11
GShahpini,0.13
gteeitup,0.21
herman_yu,0.47
HoSuupermaan,0.1
howardeskin,0.02
johnny_rosado,0.07
jonlustig,0.16
JoshSky01,0.05
JoshuaRobert56,0.05
KnicksVerse,0.1
lalnh,0.24
Madhur2090,0.1
m_capi2,0.22
MdollarBetts,0.07
Mendez_in_MIA,0.17
MissAmandaRaeee,0.06
MontalbanoNY,0.02
MrAlvinSane,0.24
Mr_Hunter_,0.06
NicholasFasull1,0.52
NickeyDyme,0.03
ourturffb,0.05
PadresStrong,0.11
pleblanc23,0.14
RNhial,0.01
Rob_Z_31,0.12
RogerClark41,0.15
softbaljunkie46,0.07
stefystef319,0.11
StephenMeyerRDC,0.1
SteveMerril,0.12
SwagFlu_Thomas,0.16
SylvainViale,0.06
tdorduncu,0.55
The_Foti,0.31
TheKennyRoda,0.22
Thory123twitch,0.45
tony5o0,0.17
TopTrevor,0.04
ttinanguyen,0.02
VegasSnitch,0.63
Vets4Mets,0.08
VVinzetta,0.41
WP_Performance,0.04
youngtupacc,0.41
ZacCarr5591,0.04
0729_LEOALLDAY,0.02
3buckchuck35,0.0
acethamc,0.04
AvisVerde,0.01
axgilbert,0.1
Bashworld2K,0.33
bclew44,0.41
Bill_ArnoldMKE,0.14
Bohao,0.73
Cagedboredom,0.06
cagedboredom,0.81
Capn_ToeKnee,0.06
cedrictillman,0.14
cowboychrs,0.05
CrysRoxx,0.04
DallasC11056691,0.59
DamoSC,0.04
DankwaBrooks,0.02
DBStyles82,0.11
Denvermarseill,0.31
DevNicole25,0.06
dk_meth,0.24
DonBolo79,0.09
DrConscience,0.17
Fanteractive,0.03
FieldLevelMedia,0.4
fkh4n_,0.05
GabeThoughtsIdk,0.35
GeorgeCWang,0.1
goJohnnyA,0.3
GWallaceWTOP,0.11
harlanwheelerr,0.13
harrislove11,0.18
haskell420,0.14
huuuge2k,0.14
jazzmessenger,0.16
JBellSATX,0.12
JBristolKHOU,0.28
JeffVance12,0.3
joekrishnan,0.02
knickstake113,0.34
LanceRig2004,0.06
LeeBeatzz,0.02
longoffthatee,0.24
MassArt_Images,0.06
matt_vn,0.11
Michaeloptv,0.3
namcarver,0.08
NYG_4_LIFE,0.05
pelsrbetta,0.17
perfecthennig,0.42
Pitcrewprincess,0.1
podcastbande,0.41
PuckSlutPlays,0.06
rcarthen,0.25
Red_Skorpio,0.04
ROICapper1,0.09
RoNutmeg,0.21
R_Schierwagen,0.38
Shay_Shaw1995,0.02
Shiz86,0.1
SilversteinAdam,0.44
steve_singh420,0.03
StonedGod_,0.35
tennispro24,0.3
TSRsports50,0.37
VanderlansJim,0.0
VinnyHardy,0.02
whpotter,0.15
WorldCapper,0.76
a1sportingspeak,0.41
alan__astro,0.06
AmandaODT,0.07
aqallaf,0.48
asherdgreat,0.08
atg7312,0.38
bcam_14,0.03
Bet99Sportsbook,0.11
bigbanonos,0.34
blakeredding11,0.01
brandon21002,0.38
BRappy55,0.08
brendan1352,0.73
BringLemons,0.21
CharlieRob77,0.31
CharronElliott1,0.24
CraigHolbrook17,0.27
D_Nova29,0.23
donguz7,0.04
dylangonzalez21,0.04
EatmeGodzilla,0.9
funnymoneybets,0.23
GCasmer,0.05
geoff_Q21,0.09
HansTorres98,0.08
HectorLedesmaTV,0.11
IamIvanOmar,0.5
itsJustinRitch,0.08
jakkielouw,0.01
jlabastille,0.26
JohnnyPavs,0.06
jschwartz115,0.07
JustinDavidKish,0.27
KaplanMatanel,0.01
Kbez23,0.16
KnicksTalkNYC,0.4
LawsNation,0.07
LightSkin_bud,0.09
makarov__,0.3
marcometer,0.25
MattLewisSports,0.15
MCbets__,0.03
PayInCrypto,0.04
Prettigrlrere,0.03
quisstar,0.0
SeanMatthew13,0.22
simplyjuline,0.0
SirDJay3,0.04
Soccer_Stats,0.59
sodaking,0.01
soolebop,0.05
Surfroots1,0.21
thacruzi,0.02
TheBroncosWire,0.08
TheNastyOatmeal,0.17
TitanSmashMTG,0.01
Tmogames20,0.15
tommy_yarrish,0.05
TripleFo,0.08
zach_56_shaffer,0.07
aimonas1,0.09
allinautumnwind,0.31
bigheadjosh92,0.3
BurnCitySports,0.35
BurnsJ33,0.09
campusreform,0.06
ChrisFr34897925,0.04
CRS_One,0.02
deepblu,0.24
drinking7up,0.29
fabien_fichaux,0.32
FireFd42,0.11
GeoKnowsBest,0.05
HazaUTD,0.22
hbkid718,0.23
hiddenkiddd,0.12
HirutGebremich3,0.52
idrobinhood,0.21
jb9180SMHR_7Y,0.45
JohnnyU31776738,0.36
Jordan48086342,0.42
kiagirl_55,0.5
kingcreed98,0.02
King__Ragnarok,0.23
KnownIntrovert,0.19
koalabebop,0.45
LaydenRobinson,0.31
lil_jon_boy,0.04
LucasCharpiot,0.0
LuigiWrestling,0.12
mark_michalski,0.09
MMBRadio,0.21
MrCasanova827,0.32
Nesha3845,0.41
P4tRiot101,0.21
PeralezZachary,0.16
Politiko_famous,0.07
proud2serve101,0.52
RasslingFAN,0.01
RFetsick,0.47
Rockford_IL,0.28
rockstarblayze,0.26
rwyjunior,0.26
schoondoggy,0.12
skysdadrocks,0.07
TalkSportsNY,0.07
tarheel_texas,0.22
TashyRR,0.19
TatumanAurora,0.03
ThreeAndOutIESR,0.42
TrulyJulieRokks,0.15
TSOWrestling,0.3
TSoWrestling,0.88
twinsdaily,0.05
UpNortDreamer,0.42
vidomix,0.74
WrestlingCovers,0.11
WWELUFC,0.6
xenofobismo,0.49
ZeuS3S,0.32
1AtomikPunk,0.16
4showuright,0.03
52York,0.07
abhisthebest,0.28
abra30a,0.18
anauburntiger,0.02
BGMSportsTrax,0.33
billyf65,0.05
bitchwhatline,0.07
bowling23,0.18
BriannaGist_,0.08
capitolwhip,0.19
ccgamergirl94,0.15
ChandranTheMan,0.11
ChelseaL8ly,0.01
climate_farce,0.14
Climate_Farce,0.03
CoryChurch20,0.0
Cory_Hays407,0.11
DameDonn,0.09
Doc_JJK,0.31
Elon_IsTheMan,0.26
estevamsantoos,0.02
geekwrestling18,0.51
GeoffRhymer,0.17
HiteshPrajapt7,0.27
Hyoma47,0.08
Irii_Ce,0.04
IThinkUSofA,0.32
jahlovesmusic,0.22
JamelMcgee9,0.18
JamiePrestigio1,0.3
jesusshuttlez,0.05
ji711,0.19
jillsteet05,0.36
KB6Champion,0.18
krystal52796,0.06
LarsonKellie,0.21
lizzylizrod10,0.48
Marlayna_Love_1,0.34
mattie1220,0.37
mirror7news,0.15
MRDRShayWrote_,0.09
MrsDoubtFireSF,0.23
MzButterfly77,0.16
naneebalboa,0.05
OMEGAJACKSON914,0.06
oxlge,0.17
QuNashjia,0.14
RatRugHachi,0.91
RBJ217217,0.52
RCvengros,0.23
RDB_KING1,0.08
reigns_era,0.49
RoseyRainDrops,0.15
SashaMania36,0.45
Sassenach78,0.28
SatooYamagata,0.53
shaybeezle,0.13
StevenS23337721,0.28
sthe_way,0.31
TheMikeSanchez_,0.03
themoe85,0.09
Timothy08731120,0.12
Turtle_Taube,0.18
USANetwork,0.04
WhoInWhoville,0.11
yankeejetsfan71,0.05
A7MADwv,0.04
alanakvandeveer,0.62
A_L_W_podcast,0.45
Americangurlz44,0.1
augiewalters13,0.2
Best4Business15,0.05
BigDaddyTail,0.14
Cam_B_2Chill,0.51
CEECareers,0.63
ChrisAFilippone,0.15
chs93dlj,0.09
cimagsD4L,0.32
CourtneySawicki,0.34
DaMENACE37,0.28
dancintina,0.33
eliavgabay,0.08
EWirii,0.06
GeneralRayburn,0.02
GibsonMenace77,0.16
GoodeJobs,0.08
GryKngBlakState,0.39
handymanoldturk,0.15
harryxgoldens,0.03
ITSJUSTMECE,0.04
JewishSharp,0.08
Joelibera,0.05
KScott09306742,0.34
lexi_beach_98,0.24
lu_lovesboxing,0.02
M20Roge,0.33
Mary_Flynn17,0.4
MaysinLayne,0.77
MBM_Technology,0.35
MBM_technology,0.8
MBorogroves,0.37
Monte_Cristo_C,0.96
moreiraotavio3,0.3
nathanknol,0.03
NewJerusalem77,0.09
NihoffJM,0.18
NMangum_,0.08
Original_JNO,0.07
P1Grindking,0.17
PacoquitaBi,0.23
Philouimette_,0.08
POSTwrestling,0.17
PrinceWatercres,0.26
PWMMANews,0.6
SaulAlejandr00,0.02
Scarface_TMC,0.15
SethJoseph95,0.06
Skye_Jace,0.18
sn00pdad,0.08
squawk_hawk,0.14
SquintAuthority,0.4
SteveEisenberg5,0.02
SteveSchwab1961,0.12
thepropork,0.25
The_TicketGuy,0.07
USAS_WW1,0.17
VettedNewsCorp,0.5
Wadafa7,0.13
Wiild_Flower,0.33
WJTW19,0.21
wrestlemaniacos,0.09
wrestlenotice,0.94
WrestlePurists,0.19
XOforevaaa,0.22
1996Oakhill,0.04
42Rc21,0.42
600shy,0.17
A1_Nero,0.04
akasgtmom,0.26
ashlyn_neville,0.22
astroqueen67,0.26
AxlV99,0.05
badger_dave_,0.37
BASSETTSLANDRY,0.11
BrandonJRomero_,0.21
buffalocharging,0.26
bvdgvy,0.42
carimeli,0.2
cinemageddon,0.2
Clairedashian,0.0
Congrats_USA,0.12
cooldrummer21,0.31
DailyWrestling0,0.68
DavidCastillo1,0.18
DavidWilliam824,0.32
edxth42,0.39
EqualiSource,0.73
FadeAwayMedia,0.53
FIFFribourg,0.22
ForMyTeslaY,0.21
freebasquiat,0.22
FronzakWWE,0.12
GaggiaJuan,0.81
Greg_Holt_,0.16
HAGGOOGANE,0.04
history86634788,0.77
Hyem12,0.16
iScreamWrestlin,0.07
JaredFo85904268,0.32
JonHexLives,0.18
Jus_CallMeSmoke,0.05
KennaMcHugh,0.09
Kennedy1Robert,0.2
LibertyAngelUSA,0.21
lio_capone,0.14
liverbabygirl,0.09
Lseeyalater,0.17
LydiaTrotter,0.04
MatthewShirk11,0.06
MixMastaB,0.05
Mvndvrin95,0.24
Nothin2Sumethin,0.07
phil_lerious,0.02
Philly_Made_AL,0.59
PollsTesla,0.13
Puma43,0.03
rasslinBIZ,0.01
RebeccaFit14288,0.47
sourpatchkidsx,0.35
SpoPolPop,0.54
Steve1oftheMany,0.03
Studleysmum,0.08
TaylorUTD17,0.07
THEBLIZZARDSIX,0.02
TheToneWhite,0.02
TheYOLOArtist,0.03
TIMWrestling,0.14
TimWrestling,0.63
UlisesReturn,0.3
xAmericanPridex,0.09
63Raider505,0.68
8rend,0.4
AChap68,0.35
Ashailes,0.23
chennaivision,0.15
elizabe32184838,0.2
fatgirl_az,0.13
KatosPicks,0.05
laurahollis61,0.09
l_myre2,0.22
MsChris1221,0.04
NowImPruneTracy,0.26
PrinceGemini95,0.24
rahulshariff,0.02
Raymoz501,0.21
raysfan50,0.23
RedNorm01,0.22
SatoshiUzamaki7,0.36
schotziejlk,0.07
SDevilleLive,0.15
SKWrestling_,0.16
TheDirtyAlpaca,0.17
totalake,0.2
TwistedJohnX,0.42
VashonReddick2,0.64
BasinStRecords,0.25
BmoreSchools,0.07
calidaddude,0.18
Cappers_Picks,0.27
CassieJFox,0.25
ceiiisports,0.26
charles_r_ellis,0.11
ClemSportNews,0.09
Costein45,0.13
danmmeyer,0.2
decaltur,0.1
deedinsidenout,0.03
DemsAbroadChina,0.11
drawlability,0.21
drew_sports_,0.45
Dtgreat13,0.07
DuckhuntinDawg,0.3
Ezebeltrump,0.39
FiredCoaches,0.55
Gruelingtruth,0.26
gwoman9810,0.32
IfItsInTheGame,0.36
Jeff11740987,0.36
jiffyman9,0.35
jimidouglas,0.06
jstorm482,0.19
kaykuls,0.85
KBArtCincy,0.08
KennyEller4,0.08
Kes8514,0.18
khadijah_hasaan,0.03
klyman841,0.05
lasvegasbetting,0.38
LoveYourzPod,0.08
Lugiagirl221,0.1
LUHeels804,0.4
lukereasoner,0.09
matt_hardie,0.01
Matt_Hardie,0.55
mindycpa,0.02
nascarcasm,0.0
OpStCyprian,0.1
oregon_girl3,0.06
pat_pathetic,0.05
PenyaValley,0.1
plarkin88,0.03
Practical_picks,0.23
Rick_Ramirex,0.04
rmtbiker44Roger,0.17
robc2815,0.13
robertkelly7108,0.25
rtayloracton,0.03
RussCote,0.11
Scott_Powell04,0.09
SeanTPendergast,0.21
shinotsxoxo,0.23
ssskb33,0.03
StephenCCrocket,0.13
TD2timeMVP,0.06
thebenwhitehead,0.1
theclemsonkid,0.03
ThotsPrayers5,0.26
TylerJankoski,0.13
WilliamLeeRich,0.03
aCole_Schmuck,0.07
Alex__Monaco,0.04
AlexWisePNZ,0.48
amerine1000,0.35
A_Mongoloid414,0.27
antbarberio1,0.06
BellyUpSports,0.1
Bigredreg,0.02
Binder2019,0.1
Blaydez_Cardz,0.15
bob_sports_pix,0.41
BullyPulpit6,0.1
Catliquor1,0.34
chi_bears4life,0.18
ChillDictat0r,0.05
ChrisFromGA68,0.28
CoachJernigan,0.15
COSportsGuy303,0.32
Dangle_sack,0.22
DeanGrecco,0.22
delagold7,0.13
DonnieSEvans,0.02
EarnMoney2012,0.64
EDewayne02,0.03
epage256,0.32
fredontv,0.12
GroverWindham,0.16
HaitianHerb,0.12
jasonkredline,0.21
JeanineSko,0.16
JimWoodPMP,0.12
JLAVS1231_,0.3
jnwilliams,0.07
JoeLodanosky,0.53
jpeterson419,0.52
king4shoo,0.16
ktjohnson22,0.03
LanceJewkes,0.0
LocksMoto,0.02
LOVNLA,0.21
Maddie9994,0.37
MikeAranaShow,0.53
MikeBennett803,0.17
MizzezDeanie85,0.3
mrmiagi75,0.22
nau_joseph,0.26
PMHayesII,0.02
RealPatMcNeill,0.07
RevKenwin,0.4
rkhendrix11,0.04
Ronniearias,0.09
sam_kinney18,0.13
sam_macie,0.15
ScarletpainEra2,0.47
ScottM111,0.07
ShawnLarson23,0.08
SimpleDawg,0.03
Sportifications,0.3
sports_only_,0.15
Sports_Only_,0.7
SSN_Clemson,0.1
stacy_laurens,0.66
TheStevenNelson,0.04
throwleather,0.04
Tiger_Timeline,0.2
UCJags,0.1
VaclavusU,0.76
Weeb33,0.29
Wilfried_VI,0.27
_ZKD_,0.08
AaronToussaint,0.07
AllProsPicks,0.23
a_norton,0.05
Aron_Todd,0.14
aTiFdAwOoD,0.27
Austin_Arvidson,0.02
authorayoade,0.28
blaqsbii,0.41
blksethrogen,0.19
BovadaOfficial,0.04
BwarkBwark,0.15
CeeKristi,0.2
CharonShield,0.06
ClemsonBaseball,0.04
CoachClayBewley,0.17
Cognetta74,0.05
CoryG49,0.13
davidfoxjr,0.04
Dmtaylor125,0.11
DrKavarga,0.36
eben1804,0.11
el_diamante3,0.03
Faino,0.06
FullTankPhil,0.07
Gospel_rx,0.03
Gunfish1968,0.25
heathtboyd,0.04
HuddleUpPodcast,0.05
iAmMuzicKing,0.18
IndySportsAF,0.15
Jamestechx,0.3
jamestechx,0.41
JeffryWood14,0.37
jenn_andd_tonic,0.05
jetski85,0.04
joeyjo35t,0.18
johnloc75707054,0.52
kelsi_bree,0.03
lynda_dav,0.48
ma73135405,0.23
MattCUCFC,0.19
MLB_Hannah,0.08
MondayNewsMedia,0.67
OutstandingCre1,0.32
PaulJElliott,0.15
RissaKinara,0.24
SamThaManLee,0.14
snipercatcher,0.08
squanchy21,0.38
StevenSeril,0.15
SteveParkhurst,0.05
StithMegan,0.23
Surfroots1,0.21
TejasGordon,0.99
TheFakeSith,0.39
thejmpatterson,0.09
TheQtweets,0.06
TheRossBrendel,0.09
ThreeTechPod,0.14
tl23soldier,0.2
TomCat7995,0.23
tomdesee,0.11
TrekHaiku,0.12
TrojansWire,0.09
tsandg8r,0.01
ucup_sanusie,0.26
Wakiesgirl,0.19
warrenrambo,0.05
zgolden715,0.02
19_TheKid,0.24
1AIsFreeSpeech,0.35
ag_peach,0.01
andykr2345,0.47
BakCuzOfElon,0.37
Beer_Ace69,0.13
BeersBowman,0.19
BIGcizzle35,0.05
bleedingcool,0.16
bluebloodcoug,0.02
BMeninism,0.31
BoardGeniuses,0.05
BratsUnited,0.57
breacher60,0.03
CadChica,0.3
CamDerbyTV,0.06
CamTweetsThings,0.02
cbaker_nj,0.16
dildoisland,0.22
djbrianpate,0.07
DontEatCornDog,0.46
dougascher,0.15
ElijahKRoberts,0.14
EvanFassbender,0.11
fxckTrump79,0.46
Gamblerfeeds,0.13
Gervonte1,0.18
GordonG75355701,0.7
gpc_4,0.16
GraydonDan,0.13
greenmagmedia,0.47
gwo4,0.08
HinrichsenSeth,0.41
jeanniebrichett,0.32
jefflipack,0.02
jelstonCBUS,0.01
JessaCall,0.12
LastBYUJedi,0.15
lhd_on_sports,0.05
MajesticMeeper,0.23
mmbirmingham,0.2
muta_rosso,0.94
NickMarino_,0.05
NotAGoodGamer14,0.24
nsanelanetrain2,0.25
OhioPlayer80,0.22
rickybowen2,0.03
RockHardCandy,0.12
rwrobinson37,0.31
SCunn1932,0.33
sdjensen,0.24
SnakeyStrider,0.29
SoullessWonders,0.38
sportoz99,0.56
Station7chix,0.34
stefanboom73,0.17
sweetlou025,0.09
terrelloglesby7,0.15
TheBigT44,0.06
TheKennyRoda,0.22
TheRealMr_Chaos,0.18
therealzandale,0.04
tjatua,0.06
TOKYO_HEADLINE,0.08
Water_Sand_Lyss,0.01
WizardOddsShow,0.39
18_4_LIFE,0.11
22ShaneOReilly,0.17
Aaron_Borland,0.04
acincyfantalkin,0.08
Amanda_1914,0.05
arpan_on_BC,0.0
atkinson_craig,0.21
bekahdthompson,0.03
bksphotographs,0.12
btsmendeskobe,0.06
cantbeatthec,0.1
CBove1,0.07
ChipAcker,0.19
clepipes,0.27
ctsotsoros,0.02
C_Weezy90,0.06
DanielRyanEvans,0.09
DarrinLuksik,0.36
DaveMReports,0.3
dayman23,0.02
DrewDenker_,0.03
DSports24,0.22
EraPrep,0.17
gcerbone,0.28
Go_for_Mav,0.21
GTRivalry,0.02
hayleybekah,0.12
Jbriggsy_14,0.29
jhellman3,0.04
JimmyNoodlesGG,0.28
jinkiesitsme,0.23
justthink1111,0.22
Kevin_L_Johnson,0.1
koosamagoopaloo,0.25
LucianoYoma,0.14
MikeTXXi,0.16
NavymanMartin,0.24
Nickerjones,0.05
nowantfakenews,0.11
npatron87,0.04
nseverett7,0.27
PatriarchTree,0.03
Pest15,0.12
pinstripefan1,0.03
Pluvlaw,0.03
PsiloPsyched,0.41
purplemario920,0.01
reid_heaton,0.25
RirieBulldogsAD,0.04
robmccormick,0.22
RoyalAndMadSol,0.01
SalmanKaos,0.35
ScottWarner18,0.09
sjroah,0.07
Skippyjerkins,0.27
slabadaud,0.27
SpencerWitt68,0.15
tammynorth239,0.01
TFervida3,0.01
ThatsSoKB,0.08
TheColeBryson,0.0
thismoment81,0.04
TigerPreGame,0.1
TIinClemson,0.17
ToothlessRip,0.09
VivaMattyVegas,0.07
aalexbailey,0.03
_AC91,0.1
AceHessian,0.36
Adams_Ryno,0.17
agrinavich,0.05
AhmadSmith_0,0.0
Aquaman247,0.06
bahozak,0.07
Basilviii,0.03
B_Cox09,0.22
bengel_tiger410,0.01
BigPapaFish35,0.06
BigTStaples,0.0
BoneNyou918,0.05
booksandquills2,0.09
captainmarcelll,0.4
ClemsonTigerNet,0.06
CrimsonTideWes,0.09
cstu2,0.04
CUSportsMedia,0.38
Denis15Sonia,0.02
DHSalter,0.03
elinforman,0.36
FanDuel,0.03
gladdruss,0.12
GOFORTHE2,0.07
GTIfan,0.09
__guerreros,0.03
hackedbracket,0.15
HarmonGayle,0.02
iGoatBP,0.07
iuic_haiti,0.28
jakvegas,0.12
JPLubinski,0.08
KalistaAndrew,0.0
katielipton,0.06
KyleBroughton4,0.42
lindsayhickman_,0.02
LoAshleyyyy,0.17
LonelyDrink,0.4
MeAloneInMyMind,0.21
Michael___Hunt,0.07
M_W_Moon,0.09
MxnJhonnyDepp,0.38
n8rix,0.06
NaomiOrre,0.02
NLeeC1,0.19
NorCalCougar84,0.41
PicksdelSoplon,0.15
pjbrown_III,0.02
PopTartsBowl,0.17
Richard_Breen,0.01
RobertoOsornio,0.09
Speedraycer93,0.08
stuburner,0.07
TangiAnnaSaint,0.45
TEAMRODSBI,0.35
ThreeAndOutIESR,0.42
tommyklecker,0.07
tomtitleist,0.15
turbo2point4,0.23
uamscott,0.05
UAMScott,0.12
vanvoorhisaurus,0.11
wagerbetsports,0.15
WaqarNazeer10,0.18
william_voccia,0.27
Acugenius,0.23
AlexanderVafeas,0.31
BatamPos,0.18
bcbfb2015,0.11
CflowersChasExp,0.07
ConnieScouts,0.18
curtisspear89,0.02
DegenerateMac,0.04
FieryBlazeNew,0.31
grantharriss,0.01
GreggInSC,0.12
Haste_TheChase,0.02
herbssolutions1,0.51
imthatswag,0.08
Italian_tuneup,0.32
JimLaheySV,0.28
JSeibContreras,0.1
MartinAsinari,0.0
Matt23Moore,0.01
McL106,0.06
MerlG_Official,0.19
MJCflipdascript,0.1
molheath,0.05
nicknewman801,0.06
Perello617,0.07
R0KL0bStEr,0.12
realOCsports,0.02
RRowdybush,0.5
SkekTek,0.15
SkipperIsMyDog,0.09
SoSportsCentral,0.11
Strutter614,0.15
TigerMovingSC,0.32
__TreyOcho38,0.32
tyler_grimes05,0.16
Tzgrey77,0.24
UD_TYPE_OF_ISH,0.09
volcombug,0.04
WSBIGGERSTAFF,0.26
15MinutesOnline,0.04
8mellowfree,0.08
99KX250,0.36
AcexCrypt0,0.42
andrew_vvack,0.04
BergesProd,0.32
BigEdBarr71,0.17
Boss_man814,0.08
BrettHarshey,0.07
BryanDeArdo,0.05
catchit16,0.13
ChangeNFLOT,0.19
Chris_Camello,0.02
Christian9491,0.32
cmsdad,0.36
CoachMarkland,0.05
DDQ75_,0.16
dk_meth,0.24
dougeldridge,0.1
EricEaze,0.02
erik22lax,0.15
FNULNU1,0.12
FootballJesus,0.13
fortmill49er,0.01
frankiewmarin,0.11
grea_warner,0.06
HortBen,0.33
InsideInjuries,0.02
JBye33,0.1
Jordanofmadden,0.11
JoshuaRobert56,0.05
KCJB_Pride,0.09
KelliBartik,0.02
KingDamien6,0.0
krissyhaynie,0.11
leeburt,0.47
MadelynBurke,0.11
MikeCairns5,0.04
Mrignut,0.01
NFL_Rob,0.09
NickCarboniWCNC,0.11
nygfan86LT,0.26
PaulSwampyMarsh,0.01
PFF_Simon,0.09
PGHPirateQueen,0.25
reedbecker21,0.14
rocksteady31,0.03
RockSteady31,0.04
RomanDziuba,0.06
ryanmcfadden_,0.01
rydunleavy,0.22
Sports70,0.35
srchilaquilles,0.31
SteelerG4FL,0.16
SteelerSanc16,0.01
SteelersTres60,0.1
Steel_Tweets,0.12
steveAKAslick,0.16
tdippo,0.18
Th3Street_Noble,0.03
ThePortaJohn69,0.31
thethirdrobbie,0.02
todd1clark,0.24
tommosser,0.19
vMatthewHarper,0.16
walther45_carl,0.47
whyno_6,0.04
YourFriendTuna,0.26
YouTellMePod1,0.14
ABYRDJOINT,0.05
aknaggs1258,0.1
alexzietlow05,0.08
AndrewManley1,0.12
anthony_kpa,0.12
BBONYGPodcast,0.22
_BigDawg87,0.41
booneblows,0.15
BrettBrooks41,0.1
brianwacker1,0.35
Bucs_Nation,0.18
ByJoshCarney,0.04
cash24s1,0.12
CDFBAnalysis,0.17
charlottevibe,0.06
Danielle_Stein9,0.09
dayman23,0.02
denizselman33,0.19
diz_lgoe,0.11
DPhil_66,0.22
El_Noseking,0.04
GabeMcDonald_,0.04
Goaty_Szn,0.19
HEPennyP,0.18
hogginprague,0.08
iLikeNobes,0.07
Jeff_Mans,0.07
JLMartinez2019,0.05
JoeSteelerFan,0.34
JosinaAnderson,0.01
j_p_c_101,0.08
JustinPressman,0.35
JustinWade_,0.03
katzenfreund99,0.33
kensgotbs,0.05
kpelechrinis,0.27
lpatterson3,0.1
Matthew_Ford92,0.02
Michael71535951,0.47
mike_e_kaye,0.15
MikeSolarte,0.12
Mphfbb,0.17
Mr_Burns4,0.47
MySportsUpdate,0.0
NewsclipInc,0.27
NFLPenaltiesCom,0.15
nille_sb,0.34
novablak,0.04
OscarSn22162945,0.48
PHX_USA_Sports,0.19
Pluggage_,0.06
postgameheroes,0.03
Raymirez24,0.13
reneromanosport,0.03
RicardoHCAFC,0.66
rkel76,0.21
rondaracha,0.1
RoofTopMariner,0.51
Scooter1572,0.06
SnSnapShotz,0.34
soundwave803,0.07
SSWfan,0.15
SteelersFan__,0.07
SteveLomangino,0.1
ThatOneBurghFan,0.36
TheKrak95059118,0.09
toddey,0.27
TommyOnTheSpot,0.11
TyDButler,0.16
Waynes_World312,0.44
WingschREI,0.16
WolfpackRobNC,0.24
zachmorris21,0.09
300lbsofsports,0.15
923TheFan,0.07
AdrienneWax,0.32
Alexburner4783,0.57
_AngieBalderas,0.09
arv1s0,0.05
asdrubal3000,0.418
AshNoelleTV,0.07
bampac29,0.07
BrdcastMediaGuy,0.05
bybrendanhowe,0.03
Cadbad66,0.04
CallumGriffin22,0.28
CatCraveBlog,0.1
ChillyBoyYT,0.16
CumberlandTred,0.18
DanCovello,0.27
DaveMack78,0.07
davidaperrera,0.03
d_holez,0.29
elchileno4ever,0.1
FieldLevelMedia,0.4
Forever_018,0.02
funnymoneybets,0.23
Gambling4fun1,0.98
Gcarmi21,0.04
GHutchison88,0.22
hawkmania4,0.31
HouseofGaming22,0.35
hwview,0.27
jabo313586,0.32
johnny_whit,0.13
jorgeal05659649,0.42
JUSTMR5,0.5
jvillasanad,0.04
kaorinite85,0.02
KPandal,0.01
MarcWeberSports,0.01
MartyJworldwide,0.02
MdotKt,0.23
mikedemo,0.04
MikeGarafolo,0.0
moaltch,0.04
MontalbanoNY,0.02
Nellyjr80,0.2
NFL_Spy,0.68
NicholasFasull1,0.52
NYCKING,0.43
OpenMikeNJ,0.1
Panther__news,0.03
phunkonomics,0.22
pinstripefan1,0.03
randyjgordon,0.27
RapSheet,0.0
realcinch,0.07
RobiWittmore,0.37
RobJob76,0.07
RocTheJetsFan,0.03
Roppstar92,0.08
SteelersWizard,0.03
TDavis0829,0.41
TheKennyRoda,0.22
TheLaVox,0.06
TheReal_gwarner,0.61
TheRealSefmoney,0.11
TheRealWillLich,0.15
TheStevenWarner,0.23
tjayjones8,0.16
tonycfa,0.11
tooDYE4,0.08
TornadoMcRae,0.11
TSRsports50,0.37
WesSteinberg,0.06
AbdullahOweidi,0.13
agalaviz_TheBee,0.23
ajsmith365,0.56
ALAYAH00,0.03
alecarons,0.41
Antoniodr,0.14
BradBerkowitz,0.06
Braden_Arthur,0.01
BrooklynStylez_,0.0
BuddyJa83390690,0.49
BurghCave,0.1
CarterCritiques,0.22
charles_ewing19,0.07
CMCasey23,0.06
ConnerBabcock06,0.46
Connor_J_Hughes,0.01
davidlmc,0.08
docnolz,0.04
DRingold,0.51
EagleEyePicks11,0.07
English_AS,0.01
EnteiSimba,0.09
FrancisMpu,0.21
gbosch11679,0.1
HyattJerry,0.1
IanSwanson_,0.68
_Jets_Mets,0.2
_JimminyCricket,0.05
Joefanatic23,0.51666665
JoeVolpe_,0.11
JordanRaanan,0.02
KeepPurringBen,0.18
LeviDamien,0.02
LibelulaLara,0.34
LinderShowMiami,0.01
LNSmithee,0.04
LoyalJRicksJr,0.04
Lubu215,0.4
LuBu215,0.09
LVGully,0.13
MarkZinno,0.14
MattMackowiak,0.22
MattPhillips22,0.0
mattthew_jordan,0.1
neilogle,0.14
NFLSundayScorez,0.23
NosherRailfan,0.4
OicOzzie,0.13
petzpansen,0.19
piapax1,0.01
RandyBSP,0.14
Reflexwnl,0.11
R_G_4_,0.22
RichhMitch_,0.01
RicJamesBtH,0.01
RiddleMeister,0.24
RobMaaddi,0.08
ROTOBOSS,0.45
sadhalosfan27,0.25
SeanWAlcide,0.22
SladeOne,0.14
SLebitschSports,0.26
SportsVia,0.13
Steeler75tb,0.02
Steelersdepot,0.08
The_Commish1967,0.38
TheJLShow10,0.51
theleviedwards,0.01
thenvpshow,0.22
TheNVPShow,0.53
TheRealEvanio,0.02
trippwhitbeck,0.09
Tyler_4120,0.44
usaydkoshul,0.03
velvet_nope,0.33
ViNDiNi,0.27
zstubbs,0.05
937theFan,0.06
99_Miners,0.04
ActuallyRJL,0.05
AHester32,0.06
AliahXtine,0.04
ASaunders_PGH,0.18
BGSports365,0.02
Blitz_Burgh,0.03
blitz_burgh,0.06
BrandanBarrios7,0.37
BukMarleyNY,0.2
CaineofNature,0.15
cgawilson,0.6
charlottecrrll,0.06
ChrisHNC10,0.56
ChuckCurtiTRIB,0.15
ClevelandViking,0.05
DaShawnWSOC9,0.11
Dat_Boi118,0.19
DaveMReports,0.3
DeeTheBoy,0.09
draftniks,0.14
DylanAllen_1,0.07
eastncmatt,0.27
ericrileyy,0.04
FrankNepa,0.15
gopenszigg8771,0.25
Hughes1224,0.04
J_Law33,0.06
JNorvisgaard,0.04
John_Sabol,0.18
JULEZ_91,0.17
JustinSpears4,0.0
karcher2342,0.2
KingDaboll,0.37
kodaksmith11,0.04
KPUG,0.35
laReekdaFreek,0.32
makes_chris,0.14
MichaelStreb,0.07
MikeS227,0.31
mn2fitness,0.07
nflrums,0.01
NihoffJM,0.18
NYGDaily,0.02
o_pound,0.21
Orbital_Affairs,0.65
PantherDuckLker,0.03
PanthersAlv,0.09
Peletta_33,0.1
PewterReport,0.13
pfrumors,0.0
RagingGiantsFan,0.37
RickJBrody,0.09
rickyrosay35,0.07
rworeilly78,0.07
shontong81,0.35
Slaughterloans,0.37
SMD_IMCERTIFIED,0.26
SmitttenKittten,0.08
spencervogel,0.89
TacosTweets,0.05
TattooedNnerdy,0.2
terribrewer001,0.65
TG1156,0.08
TheFirstRandy,0.09
Thelainger,0.08
TheMayorMatt,0.02
TheSirRobotto,0.02
trashtakes0,0.18
TsunxmiJxni,0.58
TwistedIdiot,0.06
WildRover59,0.1
WinkDude23,0.27
world_dictator,0.08
xflny,0.14
ZebraMinarchist,0.03
2giantgoofballs,0.57
5thQSports,0.16
AngelJRivera08,0.07
B4everthankful,0.17
Ben33Hardy,0.16
bigcalitex,0.17
BigTeeCee21,0.07
carrieawesome21,0.39
CassMac_21,0.08
chadwhitley,0.03
CNTrevino,0.92
CountOnUs_Man,0.02
ElectricMoyo,0.11
Favoroso10,0.07
freakaleak1209,0.33
GMENHQ,0.17
Habeebadejumo6,0.46
Hammers_House,0.35
HeavyLeeT1,0.18
jajjeo4,0.38
Jason_Shetler,0.03
JeffFunaro,0.05
jeff_scialabba,0.14
jsproinsider,0.14
JulianCouncil,0.1
KevinUtz1,0.17
lukerj138,0.18
LuvDanceDream,0.07
Marco_NY23,0.23
MatthewAlan6621,0.15
Matthewkk13,0.03
MichaelPghfans,0.21
mirror7news,0.15
mon_serene,0.08
MoVega_,0.05
NickMarino_,0.05
oTu_daddy,0.53
PabloViruega,0.02
PhilJonesNFL,0.12
PhotographyET,0.27
PJSteelers21,0.12
ranked27,0.08
realjeffwyatt,0.03
reggiechrome,0.05
RickeyShifko,0.02
_ROTHLOR_,0.05
rotomikebarner,0.02
RuiterWrongFAN,0.06
Ryan27Rk,0.07
seanmcginnis,0.25
seek___help,0.27
shawn28364,0.02
Sheena_Marie3,0.02
sir_chatterbox,0.0
Sports_Night,0.04
SteelersCap,0.85
StevenCRams,0.56
TheGiantTakePod,0.3
TheHub_YT,0.19
Twitershitter96,0.51
tylergarrett531,0.03
united777777,0.08
WavyyA1,0.02
WharryMax,0.31
WitAndWiticism,0.17
YEAHJames,0.15
_adamcrowley,0.04
ADARKDAYWRITER1,0.59
AtheistPonder,0.57
B1itz90,0.14
BigTuna185,0.11
blue4t,0.03
BringLemons,0.21
CaptSlow84,0.23
cats_cardiac,0.56
ChillyDawg423,0.12
chronirs333,0.64
Churchy1871,0.03
coe_aaron,0.39
DarrellNeloms,0.18
derrickfoe_,0.09
DonRez43,0.06
DrewKid_,0.2
evrythingNYG,0.05
geno_bisconte,0.13
GeoKnowsBest,0.05
giantsfan110,0.16
H8ctorFrancisco,0.22
InfoPokerOne,0.06
johnbreech,0.04
johnloc75707054,0.52
jonny_mac_12,0.02
JRown32,0.08
KEDSLIDE,0.16
K_Funderburg,0.06
matty4_matera,0.07
NYYanks2009,0.39
pfm1112,0.24
PghSteelersNow,0.0
PlayMakaBK,0.06
PLeonardNYDN,0.16
Powd_Jake,0.12
rickyboboddy,0.02
scottchurchson,0.1
SettingTheEdge,0.06
ShaolinShoGunMA,0.11
SKProFootball,0.05
SprgfldBill09,0.18
SteelersNetwork,0.04
TKras,0.12
use_your_logic1,0.1
WeBeTheCrew,0.08
Willisfan,0.01
Yinz_Dono,0.04
akularajublue,0.8
arky6777,0.18
BaroneSalvo,0.06
befree200106,0.3
chllv_,0.31
COAHQ,0.21
DavidDavidtros,0.02
DetectiveStevie,0.65
dougporter506,0.08
engene_111,0.83
francusu,0.04
gbachula,0.39
G_Man210,0.23
greenspaceguy,0.08
GSantroch,0.09
jsu1969,0.33
Jurnalpatroli_,0.56
KC_in_WA_state,0.32
leroisansvisage,0.59
Meiguo_nan,0.09
mrkellywright,0.08
nanmac321,0.29
Noe_Army_Blink,0.02
pumakid78,0.37
rampart911medic,0.3
revolut20,0.04
sunspotjones,0.29
sweetjimmy3,0.21
Tertrucker,0.3
tultican,0.08
Uccaihsrava,0.09
UraniumDavid,0.21
Verere_V,0.26
waverly2235,0.41
1andonlyMelissa,0.02
AmericanMex1,0.33
AruhoBryan,0.24
bethharrisap,0.11
Blackjesus85,0.12
bones_mckinney,0.15
cardsfan0000,0.09
CDB1071,0.21
CoachTimmyHyde,0.12
Codeman1769,0.43
Da_Teflon_Don,0.1
DHill_21,0.01
fishnpirate,0.0
GUnit_81,0.04
HackenjosDan,0.43
HW_OnTheRise,0.04
IESportsRadio,0.13
JaJaskii,0.16
_jeblair,0.56
JMacAttackin,0.13
josefthrop20,0.12
joshuameval,0.07
LyricMoney,0.11
MackTightRadio,0.23
mittu12,0.07
MMcGarthy,0.25
mpv4mvp1,0.11
MrGAli3,0.24
mycaymanfan,0.27
nateman79,0.03
NTaute59,0.11
NYCKING,0.43
OccamWasRight,0.5
PertinDavid,0.51
profeta_sammy,0.15
PstTomowo,0.39
Regionale_BANK,0.79
rhodawilsonTV,0.06
RickDinehart,0.05
RiekSportsTalk,0.05
ScottWarner18,0.09
scriptdemon,0.0
shawn28364,0.02
skadel68,0.1
TheFilmPoet_,0.35
theknightshift,0.06
theRealBigMarge,0.19
Wilmchick,0.16
windsor_sports,0.09
ZebraMinarchist,0.03
77rocket,0.05
abike,0.24
AFBaylorBear,0.04
AmandaFerguson5,0.09
ArteviasDP,0.03
AzadBalocch,0.41
AZ_ThatsMe,0.03
Bradybunchpapa6,0.56
bretthultberg,0.02
B__Ritz,0.48
BucSidelineGuy,0.1
CarlosDur_,0.07
ChaudharyParvez,0.03
Chaudharyparvez,0.87
CobraStarGreen,0.02
CorderTodd,0.02
CraigHoffman11,0.05
delshaffer,0.05
dj_bobby_c,0.13
FunnyCHigh,0.06
geoogwang6,0.26
goleador2519,0.24
GolfingGamecock,0.13
GreenMonsterah,0.14
HallmanAmy,0.12
henrihirvenoja,0.82
HitFactoryCards,0.24
Iamkevin717,0.5
ikehawkins,0.23
IwenSam,0.31
jeremy032180,0.16
JohnG500,0.15
KateChamberlay2,0.18
kylesaunderswv,0.0
LivinSports,0.07
Overitalrdy,0.23
pauldrewry,0.1
pitfan22,0.35
_PTPsports,0.25
ravneet25,0.12
rcandy24,0.06
RelaxWithLuLu,0.2
runninone9,0.08
Russellmania621,0.32
seeking6,0.24
TeamSTM777,0.17
TexasRaider4,0.11
thepamsullivan,0.09
TheRealJonHall_,0.08
TiddsBaby,0.31
TonyRayHarvey,0.29
Will_ODonoghue,0.31
Wishes_Magazine,0.17
YoungSiimba_,0.03
ZachariahM23,0.01
AndruM25,0.07
aoroca,0.08
BangashYK,0.22
BigCryptoGuy44,0.13
blazindw,0.09
BobbyBoy704,0.16
brooklyngfellaz,0.08
CarlCarchia,0.05
chris_drop,0.03
DukeRoundup,0.47
EMUChapel,0.76
evewin89,0.09
FastBreakIESR,0.13
Fitleagueguy,0.16
FoxWeatherman,0.31
galexgal,0.31
gginger069,0.04
GmurHelen,0.1
iamtylertnt,0.14
iStayWinning711,0.48
JoScheff,0.09
LaughlinSXM,0.07
MadDogRadio,0.06
ManGotEm,0.04
MattStarrFineA1,0.11
MikeBerardino,0.09
MikehueybabyD,0.04
milletworld,0.15
Mr_Jeff71,0.07
nolimitwan_,0.0
Onicamav,0.04
PatrickWelter,0.23
QUSAY_NOOR_,0.17
RandomstuffA2Z,0.29
rhodaxmasmovies,0.12
ROTOBOSS,0.45
Sp0rtsFreq,0.11
stoneluvzbeer,0.03
TeakedDFS,0.22
The_Sixthman_,0.08
titikuslana0491,0.63
TommyAPhillips,0.19
tommyaphillips,0.12
tonynew1515,0.06
TrutherDan,0.56
Tylerpaper,0.04
usctrojan43,0.13
VIBRANTUTOPIA,0.35
xThe_Doc,0.11
20__saya,0.09
abrahamruiz1210,0.38
Alan50cc,0.13
AndrewJ009,0.27
arrastapdireita,0.42
awishazmil,0.07
barlayteacarman,0.16
barringtonfifth,0.24
Chappie_AfroCat,0.62
DevonWarren10,0.88
drew4310,0.16
fleshmanadam,0.27
Florgarro5,0.46
HeMoans_Jailah,0.79
hide_traveller,0.81
jackd_japan,0.06
JackStr42679640,0.1
jaquelinezh29,0.19
jo55424193,0.42
JoebarTiti,0.08
JustinRayGolf,0.02
KalElSonOfKrptn,0.02
kinowar_com,0.08
kthzettai,0.32
kyodo_english,0.2
LBCI_News_EN,0.18
leonegomezc,0.53
Mangello33,0.97
MileyBigFan3,0.06
nl86358800,0.27
novacuentos,0.05
ORF_CNED,0.41
Reeh_Strawberry,0.34
Reinhold_J19,0.15
saher0892,0.78
SatyaRhemba,0.46
sharjah24,0.28
soul_yokohama,0.34
suzuisao,0.07
syd_heynsbergen,0.1
sylabdul,0.04
taka_0127mori,0.0
ThiagoAnjos8,0.97
ValdenirVitori2,0.02
voshans,0.09
WarnerBrosSpain,0.0
WarnerBrosTH,0.08
YAMASANV5,0.34
abas47916709,0.16
abdd199719,0.73
A_K_Mandhan,0.18
alisson_valnei,0.69
Baailz_,0.04
BaramosGonus,0.18
BarBadge,0.15
Belieberpowerx,0.15
bitcores,0.07
blurayangel,0.1
Bodhi_Tweets,0.08
Bruno_Souza75,0.94
CarrionHouse,0.22
ChungWai17,0.03
CongCtrinh,0.17
Cooper22I,0.66
cosmopolite_med,0.53
Daithimacliam83,0.27
Echinanews,0.0
EkongGodson,0.04
Gagmma1000,0.07
GAMESTOREbz,0.58
HartleyJackson_,0.15
hgpi_2004,0.29
ijH5nhOmDEHEUbi,0.32
jack_clover13,0.21
JapanTravel,0.16
jekhask,0.01
JimSchwass,0.18
JuanAlandae,0.84
justtokunbo,0.42
Kaatie_oxxo,0.14
kinmokusei0044,0.57
lucasfelipe_73,0.03
marcoleofrigio,0.07
mayix_JB,0.78
mtambounathi,0.26
nieto5555555555,0.81
nklai2,0.32
n_latinas,0.37
OffshoreWINDbiz,0.07
pradaameezy,0.21
rashidogodon,0.25
rtvonline,0.08
Sana961229TWICE,0.25
sanaglobalunion,0.1
saraleiva3999,0.91
SenorElGamal,0.32
Sportsnet,0.01
strellitabri,0.6
super_tourism,0.3
tbfhnxrry,0.62
torajatotoo,0.44
townjoho,0.16
TravelPike,0.1
WarnerBrosID,0.01
zientoto,0.11
123_laraa,0.64
AlkaabiMajed,0.38
Alpha_Bronze,0.15
ameezykath,0.62
AsankumahE,0.55
BallInSportsNet,0.38
BigBro06696271,0.35
BuckedbytheStar,0.01
cannybuss,0.08
CoolbetCanada,0.05
CraigHoffman11,0.05
Egyen,0.59
eilovatic,0.2
_ImJustDamian,0.1
JapanesePhotos_,0.15
Jck_Ryn,0.21
JDEadonWriter,0.05
Jerrtjjxo,0.4
JoeFortenbaugh,0.05
Jojobro96764851,0.17
jolivarestolosa,0.18
jupiter_hndrxx,0.19
kekeke2018,0.14
KleinHarvey97,0.41
kotobatarazu8,0.08
LamaZense,0.17
LexiMandy2,0.16
LondonCrusader,0.91
MadForMaple,0.18
McMaffy99,0.32
MeetOurWorld,0.49
MelbetGhana,0.28
MettisGlobal,0.03
mfarooqbukhsh,0.33
MileneLyma87,0.13
MirandaWeLoveY,0.34
naokilaw,0.04
natanaelnonon,0.6
NBAPlayersHigh,0.58
neconomayasan,0.02
paola_venites,0.03
papa36575005,0.44
PhantastikNews,0.08
PlanetSuperman,0.09
QNAEnglish,0.24
QuelvinN,0.99
rain_unicorn,0.07
ReaderGalore,0.23
ritu_1124,0.05
sagounley,0.66
StripesPacific,0.29
SumikaiNews,0.27
taka_katsura,0.06
TaurooAldebaran,0.08
VeneziaAlma,0.01
VTown661,0.21
Wave_Cinemas,0.01
ZIKKYO9999,0.17
5SOSmademedie,0.49
albertodc1989,0.53
AnnaSpiropoulos,0.37
archit0078,0.07
ArchivosDCU,0.31
ArmyRecognition,0.03
bgoncalvesmt,0.23
Buzzchecha,0.33
Cinedotmx,0.1
DylanCarr30,0.12
FaatiDu91,0.29
FREDERICA_CADE,0.21
gauagg,0.53
klarilik,0.08
MitchNuttsacck,0.15
nadinevgeems,0.87
SeniDore,0.29
Soccer_Stats,0.59
TerazawaTakeo,0.78
thesouthasiatim,0.38
bhattacharjya_a,0.47
blue_route,0.79
Blue_ROUTE,0.25
cosmopolite_med,0.53
demiraliatilgan,0.47
drishtiiaseng,0.01
greenmagmedia,0.47
HyperionPodcast,0.13
JDAlbum,0.48
misionesonline,0.14
realpestilence,0.16
SlavusM,0.88
VaclavUrich3,0.75
wp_space_news,0.51
