username,user_id,created_at
hai_xia31379,hai_xia31379,
GriseldaHa92972,GriseldaHa92972,2026-03-01
GangLian95463,GangLian95463,2026-02-01
FieldingHe79240,FieldingHe79240,2026-03-01
KilkennyTek,KilkennyTek,2023-06-01
GroktheArtist,GroktheArtist,
DoloresM35044,DoloresM35044,2026-03-01
runninone9,runninone9,
charley_pr20797,charley_pr20797,
xhogrider,xhogrider,2025-07-01
bo_xue43894,bo_xue43894,
BetsyFelto99079,BetsyFelto99079,2026-02-01
bin_yi3509,bin_yi3509,2026-03-01
AndreaArch87579,AndreaArch87579,2026-03-01
ClutchinPicks,ClutchinPicks,2025-12-01
midomikati,midomikati,2015-10-01
ZaraCrane64947,ZaraCrane64947,
XueTai76849,XueTai76849,
XiuChe90693,XiuChe90693,
XiuChe64595,XiuChe64595,2026-03-01
XiuChe52128,XiuChe52128,
XingXue68288,XingXue68288,2026-03-01
UlaStella93329,UlaStella93329,2026-03-01
TaiZhi75787,TaiZhi75787,2026-03-01
TaiXia29111,TaiXia29111,2026-03-01
SherwoodVi25596,SherwoodVi25596,2026-03-01
sha_xue34532,sha_xue34532,
SanXue79785,SanXue79785,2026-03-01
PhoebeMary96160,PhoebeMary96160,2026-03-01
NoviaOwen59863,NoviaOwen59863,2026-02-01
nngbmt143265,nngbmt143265,2026-03-01
NicoleMart54353,NicoleMart54353,
NeedhamApr13868,NeedhamApr13868,
nan_mo13148,nan_mo13148,
melville33353,melville33353,2026-03-01
LiuXiu71868,LiuXiu71868,2026-03-01
jin_xia38506,jin_xia38506,2026-03-01
ikehawkins,ikehawkins,
BaoMen22690,BaoMen22690,
riyaok786,riyaok786,
AlexiaDori87299,AlexiaDori87299,2026-03-01
AdamMyrna61392,AdamMyrna61392,2026-03-01
ali_kazim9380,ali_kazim9380,2024-10-01
pitfan22,pitfan22,
unity_baloch,unity_baloch,
JaraMallik5,JaraMallik5,2023-09-01
SSC_Markets,SSC_Markets,
scriptdemon,scriptdemon,
Overitalrdy,Overitalrdy,2011-03-01
DiegoRaimondi56,DiegoRaimondi56,2025-05-01
GUnit_81,GUnit_81,2009-05-01
BaroMontesquieu,BaroMontesquieu,2015-07-01
joshuameval,joshuameval,
AzadBalocch,AzadBalocch,
SallyMspl,SallyMspl,
CooperTheFlag,CooperTheFlag,2026-03-01
CharlieCarter49,CharlieCarter49,2023-08-01
justinbushu,justinbushu,
YoungSiimba_,YoungSiimba_,2010-03-01
IESportsRadio,IESportsRadio,
MrGAli3,MrGAli3,2019-12-01
TheRealJonHall_,TheRealJonHall_,
FastBreakIESR,FastBreakIESR,2020-03-01
CarlosMarc33215,CarlosMarc33215,2023-11-01
NYCKING,NYCKING,
ChopSchuy,ChopSchuy,2016-09-01
amritvani108,amritvani108,2025-08-01
MassholeAustin,MassholeAustin,2026-01-01
TonyRayHarvey,TonyRayHarvey,
gginger069,gginger069,2013-10-01
chunnn1d,chunnn1d,
LaughlinSXM,LaughlinSXM,2015-01-01
smith_carlos115,smith_carlos115,2026-02-01
DHill_21,DHill_21,2009-08-01
ZebraMinarchist,ZebraMinarchist,2015-12-01
elonsDJ,elonsDJ,2023-06-01
MajorDst,MajorDst,2023-08-01
Codeman1769,Codeman1769,2021-10-01
TommyAPhillips,TommyAPhillips,2020-04-01
Media_telus,Media_telus,2024-08-01
mycaymanfan,mycaymanfan,
oilbirdcentral,oilbirdcentral,2022-10-01
ArkansasQuant,ArkansasQuant,
bones_mckinney,bones_mckinney,2014-02-01
HallmanAmy,HallmanAmy,2013-09-01
JoScheff,JoScheff,
RickDinehart,RickDinehart,2013-05-01
l0b0_snapg0d,l0b0_snapg0d,2013-02-01
blazindw,blazindw,2008-12-01
DukeRoundup,DukeRoundup,2023-03-01
King0David0,King0David0,2014-09-01
_PTPsports,_PTPsports,2021-01-01
skadel68,skadel68,2009-08-01
ArteviasDP,ArteviasDP,2009-11-01
aoroca,aoroca,2012-01-01
kylesaunderswv,kylesaunderswv,2014-12-01
BigCryptoGuy44,BigCryptoGuy44,2021-05-01
goleador2519,goleador2519,2021-04-01
JMacAttackin,JMacAttackin,
77rocket,77rocket,
HitFactoryCards,HitFactoryCards,
KayvonDutch,KayvonDutch,
PP_WorldwideGr8,PP_WorldwideGr8,2009-07-01
CDB1071,CDB1071,
TexasRaider4,TexasRaider4,
netsempire_,netsempire_,2025-02-01
JohnG500,JohnG500,
TiddsBaby,TiddsBaby,
RandomstuffA2Z,RandomstuffA2Z,2015-05-01
BigAntmo__,BigAntmo__,
usctrojan43,usctrojan43,2009-01-01
K5surh,K5surh,
JaJaskii,JaJaskii,2016-09-01
AsedSports,AsedSports,
_T_F_I_O_,_T_F_I_O_,
CobraStarGreen,CobraStarGreen,
YungSkrilla81,YungSkrilla81,2023-07-01
ravneet25,ravneet25,2010-02-01
dj_bobby_c,dj_bobby_c,
PantherPrincely,PantherPrincely,
LakerTakeover24,LakerTakeover24,2026-03-01
Will_ODonoghue,Will_ODonoghue,
BucSidelineGuy,BucSidelineGuy,
TheNCSportsNet,TheNCSportsNet,2023-04-01
MadDogRadio,MadDogRadio,
1andonlyMelissa,1andonlyMelissa,2009-12-01
Wilmchick,Wilmchick,
rj152122,rj152122,2024-11-01
Miles1113792034,Miles1113792034,
NEPATSX6,NEPATSX6,2009-03-01
GreenMonsterah,GreenMonsterah,
GolfingGamecock,GolfingGamecock,2013-01-01
MikeBerardino,MikeBerardino,2009-01-01
HackenjosDan,HackenjosDan,
nolimitwan_,nolimitwan_,2019-06-01
mpv4mvp1,mpv4mvp1,2018-08-01
bretthultberg,bretthultberg,
ZachariahM23,ZachariahM23,2009-04-01
Sp0rtsFreq,Sp0rtsFreq,2012-02-01
LyricMoney,LyricMoney,2011-10-01
DrunkDaveCanale,DrunkDaveCanale,2025-12-01
profeta_sammy,profeta_sammy,2016-10-01
ShaneLeup,ShaneLeup,2026-01-01
nateman79,nateman79,2009-03-01
CarlosDur_,CarlosDur_,2009-03-01
ManGotEm,ManGotEm,
ScottWarner18,ScottWarner18,2011-10-01
windsor_sports,windsor_sports,
nolanmclean26,nolanmclean26,2025-07-01
The_Sixthman_,The_Sixthman_,
Geesssssssssss,Geesssssssssss,
IndyTitleTown,IndyTitleTown,
brooklyngfellaz,brooklyngfellaz,
ZWhite_Reports,ZWhite_Reports,2025-11-01
SNunya1003,SNunya1003,2024-06-01
bethharrisap,bethharrisap,2009-02-01
JustJarmin,JustJarmin,2023-10-01
shawn28364,shawn28364,2009-07-01
EliteGraphic502,EliteGraphic502,
JustinWW81,JustinWW81,2026-02-01
balbeano111,balbeano111,2023-07-01
AmandaFerguson5,AmandaFerguson5,
Fazer_Focused,Fazer_Focused,2023-08-01
AFBaylorBear,AFBaylorBear,
thepamsullivan,thepamsullivan,2011-02-01
TheFilmPoet_,TheFilmPoet_,
fridaylampoons,fridaylampoons,2013-11-01
Tylerpaper,Tylerpaper,2008-12-01
TeakedDFS,TeakedDFS,
BurghBallBoss23,BurghBallBoss23,2025-08-01
phmusmancfe_84,phmusmancfe_84,2024-04-01
B__Ritz,B__Ritz,2021-04-01
LivinSports,LivinSports,2014-08-01
jeremy032180,jeremy032180,2009-10-01
tonynew1515,tonynew1515,
CoachTimmyHyde,CoachTimmyHyde,
AmericanMex1,AmericanMex1,2021-09-01
wyoburner69,wyoburner69,2024-03-01
Jasonsanxyz,Jasonsanxyz,2026-01-01
Thedeoria_news,Thedeoria_news,2025-07-01
10thInningBunt,10thInningBunt,
theRealBigMarge,theRealBigMarge,2014-09-01
GiddyUpCarolina,GiddyUpCarolina,
Psulioninsider1,Psulioninsider1,2025-09-01
Iamkevin717,Iamkevin717,2011-11-01
cincyjames1983,cincyjames1983,
iamtylertnt,iamtylertnt,2015-07-01
RiekSportsTalk,RiekSportsTalk,2015-02-01
Lieutenantdaan,Lieutenantdaan,
theknightshift,theknightshift,2009-03-01
BobbyBoy704,BobbyBoy704,2022-04-01
ricohavvin,ricohavvin,2025-03-01
ROTOBOSS,ROTOBOSS,
Peachy202494611,Peachy202494611,2024-07-01
GreenMirab21865,GreenMirab21865,2026-02-01
StillWishful,StillWishful,2024-07-01
MikehueybabyD,MikehueybabyD,2014-08-01
FunnyCHigh,FunnyCHigh,
xThe_Doc,xThe_Doc,2010-04-01
fishnpirate,fishnpirate,2012-01-01
AZ_ThatsMe,AZ_ThatsMe,
Russellmania621,Russellmania621,2009-06-01
CorderTodd,CorderTodd,2015-08-01
delshaffer,delshaffer,
Da_Teflon_Don,Da_Teflon_Don,2011-05-01
rcandy24,rcandy24,2011-01-01
cardsfan0000,cardsfan0000,2020-01-01
seeking6,seeking6,2009-04-01
josefthrop20,josefthrop20,2009-06-01
Bradybunchpapa6,Bradybunchpapa6,
_jeblair,_jeblair,2022-02-01
IwenSam,IwenSam,2022-07-01
PatrickWelter,PatrickWelter,
MackTightRadio,MackTightRadio,
da_yi65449,da_yi65449,
stoneluvzbeer,stoneluvzbeer,2014-10-01
Mr_Jeff71,Mr_Jeff71,2019-06-01
expected_move,expected_move,2018-01-01
iStayWinning711,iStayWinning711,2023-01-01
pauldrewry,pauldrewry,2011-01-01
CrackedTyres,CrackedTyres,2025-05-01
NTaute59,NTaute59,2012-04-01
OccamWasRight,OccamWasRight,2023-04-01
BNoisesports,BNoisesports,2026-01-01
domplug_,domplug_,2025-11-01
MMcGarthy,MMcGarthy,2012-06-01
VIBRANTUTOPIA,VIBRANTUTOPIA,2022-07-01
HW_OnTheRise,HW_OnTheRise,2009-04-01
chris_drop,chris_drop,
AndruM25,AndruM25,
abike,abike,2009-04-01
Officialfinny01,Officialfinny01,2026-02-01
BoardroomBenny,BoardroomBenny,2012-03-01
Lieutenant_Dam,Lieutenant_Dam,
CarlCarchia,CarlCarchia,2010-11-01
AnnPriestl96751,AnnPriestl96751,2026-03-01
Positionalcrank,Positionalcrank,
XiuChe48836,XiuChe48836,2026-03-01
JanePandor1237,JanePandor1237,
OctaviaGre64442,OctaviaGre64442,2026-03-01
KunXian16812,KunXian16812,
milletworld,milletworld,2018-08-01
evewin89,evewin89,2009-04-01
BangashYK,BangashYK,
spring60614,spring60614,2026-03-01
TeamSTM777,TeamSTM777,2016-06-01
rasaki_emu,rasaki_emu,2024-04-01
KateChamberlay2,KateChamberlay2,
geoogwang6,geoogwang6,2015-05-01
galexgal,galexgal,2009-06-01
mittu12,mittu12,2010-01-01
ChaudharyParvez,ChaudharyParvez,2012-08-01
saveplanetusa,saveplanetusa,2019-08-01
minutesmate4u,minutesmate4u,2025-06-01
ThrapstonBible,ThrapstonBible,2024-07-01
am_tefara,am_tefara,2024-04-01
Unseen_Rebel,Unseen_Rebel,2015-11-01
QUSAY_NOOR_,QUSAY_NOOR_,2013-11-01
PstTomowo,PstTomowo,2012-02-01
mohammodmirm,mohammodmirm,2026-01-01
j_ferris221629,j_ferris221629,2023-06-01
RelaxWithLuLu,RelaxWithLuLu,
FoxWeatherman,FoxWeatherman,
PaulaYerke14569,PaulaYerke14569,2026-03-01
ming_san92963,ming_san92963,2026-03-01
eve_polly29365,eve_polly29365,2026-03-01
rhodawilsonTV,rhodawilsonTV,2009-03-01
rhodaxmasmovies,rhodaxmasmovies,
nytzblytz,nytzblytz,
PrincipalAA777,PrincipalAA777,2022-11-01
Fitleagueguy,Fitleagueguy,2016-06-01
XiuChe79788,XiuChe79788,
d_mun06,d_mun06,
CookeDarle45332,CookeDarle45332,2026-03-01
CherylLaw266362,CherylLaw266362,2026-02-01
AlexiaB12064,AlexiaB12064,2026-02-01
Lopez3web,Lopez3web,2024-07-01
Blackjesus85,Blackjesus85,
MattStarrFineA1,MattStarrFineA1,2018-08-01
titikuslana0491,titikuslana0491,
fixtureiq,fixtureiq,2026-01-01
Regionale_BANK,Regionale_BANK,2021-07-01
Onicamav,Onicamav,
AruhoBryan,AruhoBryan,2015-10-01
GmurHelen,GmurHelen,2020-03-01
CeeOkafor75447,CeeOkafor75447,2023-08-01
PertinDavid,PertinDavid,2014-04-01
KarunKumarArug1,KarunKumarArug1,
EMUChapel,EMUChapel,
ZRMinistriesLLC,ZRMinistriesLLC,
Wishes_Magazine,Wishes_Magazine,2017-11-01
TrutherDan,TrutherDan,2022-03-01
HumanisingMen,HumanisingMen,2024-01-01
taranahussain2,taranahussain2,2023-01-01
CraigHoffman11,CraigHoffman11,2014-05-01
henrihirvenoja,henrihirvenoja,2013-10-01
sycoraxxvoyage,sycoraxxvoyage,2023-06-01
