username,label
25254545bone,0
ace_autocraft_,0
affordindianart,0
ahstaten,0
arch_diamond,0
ArMaghak,0
ATLGAUSA,0
avtramontano,0
C3_Tooth,0
CageFight_Pod,0
cemeteryexchang,0
dahgus,0
danpei_design,0
DaRealShaloEK,0
DieAngry,0
dwamsart,0
eastoftahoe,0
enumion,0
EonHoldings,0
GabrielMaldini9,0
GalaxyTheatres,0
gtbarry,0
JabotBeauty,0
jakelarsen,0
JessyAraiza3,0
justmyopinion84,0
KurtVermeulen,0
ladyg2021,0
LilPhinger,0
Marky_Meinsen62,0
Marshal5447,0
marveljacketusa,0
mathrubhumieng,0
mjafri1214,0
MLBDeadlineNews,0
Morales4SDMayor,0
Movie_Scoop,0
MovieSquadPR,0
Odeh_JuniorOdeh,0
Panther167,0
paul_can,0
PHWiseman57,0
ptchat,0
QueenVictoriaRV,0
RamasScreen,0
RealJames_007,0
RobinDo28589698,0
ronaledo4,0
rynoufc23,0
sakuyaidol,0
sei_iza,0
serkanarslan_17,0
SHIELDZephyrOne,0
Stharblhezie045,0
sumnjam,0
tbrant55,0
tbsports33,0
TBTimes_Rays,0
teasertrailer,0
TheELBushman,0
thehopczar,0
TheLadyKayB,0
themoviewaffler,0
therealinformer,0
TonyMenendez21,0
topfanscorner,0
TrumanDoc,0
webfinet,0
ZachGatsby,0
3q_a7,0
77imlab,0
allentheatres,0
alnuaimifx,0
AriA1exander,0
BlujayVisuals,0
BNN_Breaking,0
chiyandinesh246,0
Christian1White,0
christian1white,0
Cinephellas,0
CineplexMovies,0
Cinesite,0
ColinK997,0
DanielBlackaby,0
DCMoviesTV,0
doctorgfitness,0
Fantastic6133,0
Filmy_Wood,0
Heather_71USA,0
HiFiTalkies,0
images_tv,0
InsaniaProd,0
Its__Nikki_,0
JaRaNo1128,0
Jewish_YP,0
JoubaierJ,0
JuanHustle,0
katyanna25,0
KollyBuzz,0
LammertAlbertus,0
LeachartsMarte,0
lovegrace893255,0
LTDavidAragon,0
LucasBoggPhotog,0
MagNewsMedia,0
malcotheatres,0
MarkWerling5,0
marymaywrite,0
matthewpepin_,0
MENAFN,0
Misterrr_prime,0
MJJRepository,0
mrr_ouija,0
MsJuicyGenius,0
OscarBarbera7,0
pan062020,0
PCreighton1,0
PHX_USA_Sports,0
RaysRadio,0
retiredmedicwtc,0
rinconfriki_es,0
RotkaliOlsun,0
runews,0
Ruthless1984,0
Ry_Bass,0
sabrinalenee,0
ShannonLMo3,0
sleepyguymike,0
snow9aka,0
SOB_pod,0
SSMusicTweet,0
TBRaysRepublic,0
ThamizhPadam,0
TheSportsGPS,0
TonyMarrese,0
Travis_D_Harvey,0
Trifected,0
trinaboice,0
troothbtoad,0
VouxSite,0
WeAreSoSugary,0
xhertx,0
8k57rn7n7p,0
Agentbean001,0
AlexWisePNZ,0
AnnaJakobsson33,0
anthmalu,0
Arijit30021470,0
BaseballReport_,0
Bear_Faced,0
blurayangel,0
BrownNoona,0
CGMagonline,0
dave_show4,0
DeejaeD2,0
DianaSpeechless,0
emandtssports,0
EngagePolitics_,0
Fandango,0
FLOW_The_LG,0
goldeinmind,0
Historia_Romana,0
HotaruHikaru2,0
iamkolib1,0
iChongqing_CIMC,0
IgaPhilip,0
_itsashleyc_,0
janebharrison,0
Jaypers413,0
jayRecher,0
JorgeHoruge98,0
Jsoaresdesign,0
justearthnews,0
KimyataKim,0
KioGhostV,0
LanierTrader,0
LegendOwnMind1,0
LibertyAngelUSA,0
maaklabo,0
Magdalenita_cs,0
Maneksidd,0
mdcinemax,0
MLBPipeline,0
oddsmaker,0
OnlyKollywood,0
Padma70328265,0
PrashunGRoy,0
rajkumar_thiru,0
rameshere,0
RealJessRussell,0
renflixmedia,0
romiromi3253631,0
RonnRiddell2,0
RutkowskiDr,0
Ryo_pastime_etc,0
salman220520,0
screenrealm,0
seawavemag,0
SnoozerIIVMMXIV,0
stevecarney,0
syedsalmanqadri,0
sypher0202,0
tejamultimedia1,0
TheErimtanAngle,0
TheLoveJones1,0
theNavyBratt,0
therappilot,0
toystnt,0
ttimagazine,0
TylerPartridge1,0
Whitlina,0
WstLondonGarden,0
27outs3c,0
78tiger,0
Aeontisty,0
Aina_Iyabo,0
AlBatBeisbol,0
AmbassadorIleka,0
BaseballValues,0
beisbolporgotas,0
Bettsy41,0
BigWillyStyl619,0
bollywood_life,0
BurtonPixels,0
ConnerBabcock06,0
Devendo1981,0
dp_karthik,0
Francis42185464,0
FungoMedia,0
gaviotacocinera,0
Gematria1958,0
gjofoxster,0
glitcheffekt,0
HappyFreeSingle,0
HollywoodArtLH,0
Homein22,0
horrormovietalk,0
iamdavidposada,0
iyad_okour,0
Janakiraman51,0
JaswanthSomise1,0
jorgepb99_,0
Kb24ThaGr8est,0
KeithWo4418,0
korsoraattori,0
LeftistsofMN,0
LokeshPayik,0
LuvAddictZ,0
malky30,0
marcahershberg,0
markskoljrTV,0
MikeCamunas,0
MinutoYa,0
MJ_1_0_1,0
MLBNetworkRadio,0
Msgivesashit,0
NuMaxCinemas,0
Paisano,0
peekasso,0
Psychohate_,0
rambo43_hahn,0
ranjit35542,0
RarewavesCom,0
raysmario,0
RebeccaFit14288,0
Red5mom,0
saideepak627,0
screenwritrobin,0
swilkerson31,0
Tisha57341699,0
WakeDuhFuhCup1,0
whiling15,0
Whitepepsi420,0
XOANTY,0
ytssubtitles,0
2getaticket,0
4self78,0
88abcdefg4,0
adama4692,0
aimeespage,0
AlbertoMacias2,0
AngelStudiosInc,0
anilda7777777,0
arykster,0
b2bmoviepod,0
bane_cam,0
blaisengo,0
blue_route,0
Blue_ROUTE,0
CDNBaseballNet,0
chennaivision,0
chisengamusic,0
Cinematalks_,0
ClapperPodcast,0
Class1Action,0
CLEFandomPod,0
Coach_Smitty757,0
ConesHighWaters,0
DeeCeeGee89,0
ElFanaticoDom,0
FLAstrong76,0
foreverjackson_,0
GrindItOut,0
hartford_movies,0
HIRO92414821,0
jbcmet,0
jj_investor,0
jkmoncol,0
j_macgeever,0
JohnPalcisko,0
KishorTrvedi,0
KML__A,0
Koimoi,0
KollyStudio,0
kollywoodtimes,0
LuisMurphy,0
Mass_Haas,0
MillsEton,0
MLBMovesTracker,0
MondayNewsMedia,0
newmandavecf,0
NYMFrontOffice,0
puesyopuesami,0
RafaCedrall,0
raisb007,0
rkp5695,0
sabari03_,0
ScottyGoodacre,0
Shiivaa4,0
spotrac,0
SunderlandLolly,0
TamilCineXpress,0
tire1ban_Tw,0
TKras,0
TonyaLJackson1,0
tonycfa,0
TrumplicanPat,0
Truth2020Seeker,0
UniquelyTheOne_,0
urfavdoozer,0
valhallapics,0
Vijay70269050,0
votreculture,0
WKuhnel,0
xshin_yamax,0
Yensid01,0
AfAbstract,0
albertahippy420,0
APlusOpinions,0
ariieldejones,0
AttorneyUrso,0
Balakhoff,0
BillyDeMoss,0
billythekid2016,0
bombaytimes,0
BookPlainElaine,0
BryanBerg2000,0
ChachaOsanai,0
cinwall01,0
ComicCrusaders,0
Curt_ADOS,0
dailystarnews,0
davidmarchie,0
DelhiTimesTweet,0
Djany3405,0
drew_smith_9,0
ElExtrabase,0
FilmBudget,0
FilmOneng,0
ForMyTeslaY,0
fuji_tire,0
Great_Katzby,0
greenmagmedia,0
htcity,0
IamRagbon,0
ichi971,0
IrishFilmCritic,0
IronWill2023,0
JamesFox917,0
_jessejiga,0
Joel00243,0
JonesTarasha,0
Just_A_Reds_Fan,0
JustinBush88,0
Karthiknjartist,0
KevinOnEarth,0
LatinoAgenda1,0
LivingOnChi,0
LucindaRhysEvan,0
Minomusitatsuty,0
MPBHH,0
mxdwnmovies,0
nancythenance,0
onlineradiobox,0
park_mapper,0
PolProctologist,0
PROSundarbala,0
Regios_Cuadrado,0
RonniDa17650907,0
SANCORcommunity,0
Sartorious6,0
Satuki11321,0
shibainukotaro2,0
SoCalCoolidge,0
supernova_wave,0
SureshThalaSC,0
TamilaninCinema,0
tampafreepress,0
TheChuckGlass,0
TheDandaNayaka,0
ThePavSA,0
tonygironda,0
ULTRATRAILERS,0
urstrulysufyan1,0
vikram_rus,0
VOXLebanon,0
waynefg2,0
whanklee,0
Jfreeg_,0
John_Rossomando,0
nice_gj,0
8k57rn7n7p,0
Aina_Iyabo,0
anthmalu,0
arch_diamond,0
ariieldejones,0
ATLGAUSA,0
BigWillyStyl619,0
BillyDeMoss,0
bollywood_life,0
BurtonPixels,0
CDNBaseballNet,0
ChachaOsanai,0
ClapperPodcast,0
CLEFandomPod,0
davidmarchie,0
DeejaeD2,0
Devendo1981,0
ElFanaticoDom,0
FilmBudget,0
ForMyTeslaY,0
fuji_tire,0
gaviotacocinera,0
goldeinmind,0
GrindItOut,0
HiFiTalkies,0
Historia_Romana,0
HollywoodArtLH,0
Homein22,0
JessyAraiza3,0
jkmoncol,0
JustinBush88,0
KML__A,0
korsoraattori,0
LatinoAgenda1,0
LibertyAngelUSA,0
LuisMurphy,0
markskoljrTV,0
MarkWerling5,0
marymaywrite,0
MondayNewsMedia,0
mrr_ouija,0
MsJuicyGenius,0
newmandavecf,0
nice_gj,0
PrashunGRoy,0
Psychohate_,0
ptchat,0
QueenVictoriaRV,0
RafaCedrall,0
raisb007,0
RarewavesCom,0
RebeccaFit14288,0
runews,0
rynoufc23,0
sabrinalenee,0
ScottyGoodacre,0
screenwritrobin,0
sumnjam,0
TamilaninCinema,0
teasertrailer,0
ThamizhPadam,0
themoviewaffler,0
therealinformer,0
tonycfa,0
TonyMenendez21,0
trinaboice,0
TrumplicanPat,0
urstrulysufyan1,0
Vijay70269050,0
votreculture,0
VOXLebanon,0
WakeDuhFuhCup1,0
webfinet,0
25254545bone,0
27outs3c,0
78tiger,0
ahstaten,0
aimeespage,0
AlexWisePNZ,0
alnuaimifx,0
ArMaghak,0
arykster,0
Balakhoff,0
Bear_Faced,0
BNN_Breaking,0
bombaytimes,0
chiyandinesh246,0
ComicCrusaders,0
ConesHighWaters,0
Djany3405,0
dp_karthik,0
eastoftahoe,0
EngagePolitics_,0
Fandango,0
GabrielMaldini9,0
gtbarry,0
horrormovietalk,0
IrishFilmCritic,0
JamesFox917,0
Janakiraman51,0
janebharrison,0
Jaypers413,0
Jsoaresdesign,0
JuanHustle,0
Just_A_Reds_Fan,0
justearthnews,0
KishorTrvedi,0
LegendOwnMind1,0
lovegrace893255,0
LucindaRhysEvan,0
Magdalenita_cs,0
Maneksidd,0
marveljacketusa,0
Mass_Haas,0
MillsEton,0
Misterrr_prime,0
MLBNetworkRadio,0
Msgivesashit,0
Odeh_JuniorOdeh,0
Padma70328265,0
PCreighton1,0
RaysRadio,0
RealJessRussell,0
rinconfriki_es,0
RobinDo28589698,0
RonnRiddell2,0
RutkowskiDr,0
Ryo_pastime_etc,0
screenrealm,0
serkanarslan_17,0
stevecarney,0
swilkerson31,0
TheChuckGlass,0
ThePavSA,0
therappilot,0
troothbtoad,0
TylerPartridge1,0
4self78,0
77imlab,0
adama4692,0
AfAbstract,0
albertahippy420,0
AlbertoMacias2,0
avtramontano,0
billythekid2016,0
BrownNoona,0
BryanBerg2000,0
C3_Tooth,0
chennaivision,0
chisengamusic,0
Cinematalks_,0
Curt_ADOS,0
dailystarnews,0
DCMoviesTV,0
greenmagmedia,0
hartford_movies,0
iamdavidposada,0
iamkolib1,0
IamRagbon,0
ichi971,0
IgaPhilip,0
jakelarsen,0
JaswanthSomise1,0
jj_investor,0
JonesTarasha,0
JorgeHoruge98,0
jorgepb99_,0
KevinOnEarth,0
Koimoi,0
KollyStudio,0
KurtVermeulen,0
LeftistsofMN,0
LuvAddictZ,0
MJJRepository,0
MLBPipeline,0
Morales4SDMayor,0
MPBHH,0
nancythenance,0
OscarBarbera7,0
Regios_Cuadrado,0
ronaledo4,0
sabari03_,0
SANCORcommunity,0
Sartorious6,0
Shiivaa4,0
sleepyguymike,0
SoCalCoolidge,0
spotrac,0
SSMusicTweet,0
sypher0202,0
TamilCineXpress,0
TBRaysRepublic,0
TBTimes_Rays,0
tejamultimedia1,0
TheDandaNayaka,0
TheErimtanAngle,0
thehopczar,0
TheLadyKayB,0
TheSportsGPS,0
TonyaLJackson1,0
tonygironda,0
TonyMarrese,0
TrumanDoc,0
vikram_rus,0
WeAreSoSugary,0
Whitepepsi420,0
XOANTY,0
ace_autocraft_,0
Aeontisty,0
allentheatres,0
AnnaJakobsson33,0
bane_cam,0
BaseballValues,0
beisbolporgotas,0
Cinephellas,0
Class1Action,0
dahgus,0
DanielBlackaby,0
doctorgfitness,0
emandtssports,0
Fantastic6133,0
Filmy_Wood,0
FLOW_The_LG,0
foreverjackson_,0
Gematria1958,0
htcity,0
images_tv,0
InsaniaProd,0
JaRaNo1128,0
jbcmet,0
Jewish_YP,0
John_Rossomando,0
justmyopinion84,0
katyanna25,0
KimyataKim,0
kollywoodtimes,0
LucasBoggPhotog,0
maaklabo,0
malky30,0
mathrubhumieng,0
mjafri1214,0
MovieSquadPR,0
OnlyKollywood,0
pan062020,0
paul_can,0
peekasso,0
PHWiseman57,0
PolProctologist,0
rambo43_hahn,0
ranjit35542,0
Red5mom,0
retiredmedicwtc,0
rkp5695,0
romiromi3253631,0
RonniDa17650907,0
Ruthless1984,0
saideepak627,0
seawavemag,0
ShannonLMo3,0
SHIELDZephyrOne,0
snow9aka,0
SureshThalaSC,0
syedsalmanqadri,0
TheLoveJones1,0
tire1ban_Tw,0
Tisha57341699,0
toystnt,0
Travis_D_Harvey,0
UniquelyTheOne_,0
valhallapics,0
whanklee,0
Whitlina,0
WstLondonGarden,0
xhertx,0
ZachGatsby,0
2getaticket,0
3q_a7,0
88abcdefg4,0
Agentbean001,0
AlBatBeisbol,0
AngelStudiosInc,0
AriA1exander,0
Arijit30021470,0
AttorneyUrso,0
b2bmoviepod,0
Bettsy41,0
blaisengo,0
BlujayVisuals,0
BookPlainElaine,0
cinwall01,0
Coach_Smitty757,0
ConnerBabcock06,0
DaRealShaloEK,0
dave_show4,0
DeeCeeGee89,0
DelhiTimesTweet,0
drew_smith_9,0
dwamsart,0
ElExtrabase,0
enumion,0
EonHoldings,0
Francis42185464,0
FungoMedia,0
gjofoxster,0
glitcheffekt,0
Great_Katzby,0
HotaruHikaru2,0
Jfreeg_,0
Joel00243,0
JoubaierJ,0
Karthiknjartist,0
Kb24ThaGr8est,0
LanierTrader,0
LeachartsMarte,0
LivingOnChi,0
LokeshPayik,0
marcahershberg,0
Marshal5447,0
matthewpepin_,0
Minomusitatsuty,0
Movie_Scoop,0
mxdwnmovies,0
NYMFrontOffice,0
Panther167,0
park_mapper,0
puesyopuesami,0
raysmario,0
RealJames_007,0
RotkaliOlsun,0
Ry_Bass,0
sei_iza,0
shibainukotaro2,0
SOB_pod,0
SunderlandLolly,0
tampafreepress,0
tbsports33,0
Trifected,0
ttimagazine,0
ULTRATRAILERS,0
VouxSite,0
whiling15,0
xshin_yamax,0
Yensid01,0
ytssubtitles,0
affordindianart,0
AmbassadorIleka,0
anilda7777777,0
APlusOpinions,0
BaseballReport_,0
blue_route,0
Blue_ROUTE,0
blurayangel,0
CageFight_Pod,0
CGMagonline,0
Christian1White,0
christian1white,0
CineplexMovies,0
Cinesite,0
ColinK997,0
danpei_design,0
DianaSpeechless,0
DieAngry,0
FilmOneng,0
FLAstrong76,0
GalaxyTheatres,0
HappyFreeSingle,0
Heather_71USA,0
HIRO92414821,0
iChongqing_CIMC,0
IronWill2023,0
_itsashleyc_,0
Its__Nikki_,0
iyad_okour,0
JabotBeauty,0
jayRecher,0
_jessejiga,0
j_macgeever,0
JohnPalcisko,0
KioGhostV,0
KollyBuzz,0
ladyg2021,0
LammertAlbertus,0
LilPhinger,0
LTDavidAragon,0
MagNewsMedia,0
malcotheatres,0
Marky_Meinsen62,0
mdcinemax,0
MENAFN,0
MikeCamunas,0
MinutoYa,0
MJ_1_0_1,0
MLBDeadlineNews,0
MLBMovesTracker,0
NuMaxCinemas,0
oddsmaker,0
onlineradiobox,0
Paisano,0
PHX_USA_Sports,0
PROSundarbala,0
rajkumar_thiru,0
RamasScreen,0
rameshere,0
renflixmedia,0
sakuyaidol,0
salman220520,0
Satuki11321,0
SnoozerIIVMMXIV,0
Stharblhezie045,0
supernova_wave,0
tbrant55,0
TheELBushman,0
theNavyBratt,0
TKras,0
topfanscorner,0
Truth2020Seeker,0
urfavdoozer,0
waynefg2,0
WKuhnel,0
cemeteryexchang,0
KeithWo4418,0
AllStar_CASH,0
_amarsig_,0
ArteagaAedo,0
BaldyNFL,0
BBouchard318,0
bearsfanburner,0
B_Eds517,0
beigs,0
Bettydoyin13,0
BigAndyUS1,0
Blackdeath_0,0
ChrisCasquejo,0
ChrisDPOMAY,0
ChristianArinz8,0
CincyYinzer,0
daleschwach,0
danadirks48,0
dclynick66,0
DeyCallMeTravis,0
drbyona,0
DreCapone_11,0
DrMauricePugh,0
fishsports,0
fuugoddess_,0
HenryMorgan73,0
IamBigJay,0
Iceman1373,0
ImperfectBob,0
itson2sweetz,0
jitterbug1977,0
jjesse,0
John15452325,0
johncdileo,0
joylilacbeauty,0
J_Rosa23,0
JSulli2121,0
jtluch,0
kofohwohrola,0
latoyaishahenry,0
lomaxc59,0
Mackewich,0
MacStoddard,0
MarcRyanOnAir,0
michigan_truth,0
MooseNSquirrel0,0
mrbarranca,0
Mr_Regret,0
MrRockinWTB,0
NCAAShutout,0
NClarke013,0
OldManGweedo,0
PetrasSportsInc,0
PFuentes74,0
phnxrising89,0
quickpitches32,0
Roar1934,0
RobertPolacek,0
sarath4rays,0
SayNoMore21,0
SCSparty,0
sportsjunkie80,0
sunnyiyanya,0
swaltersrn,0
TheNermy,0
topfanscorner,0
xfactor6978,0
Ye_FLuFFy,0
ZigSportsVoice,0
1982GAP,0
30seconds,0
54Monstro,0
AJaversa,0
antoinespastry,0
aznyc2,0
Bardoluv,0
BaxFootballGuru,0
BlueSox35,0
BobbieHill,0
bushwood_c,0
C4SEY85,0
CoolbetCanada,0
Da313D,0
DarkWaldoTTV,0
DropSquad_52,0
EdwinFi94733275,0
emnicole835,0
getemhigher,0
gglenner,0
GJohal1234,0
goLoko77,0
iamjegzy_jnr,0
ibroughtcookies,0
Imkingofdetroit,0
KevinEv97779801,0
KIENDYGURL,0
kiingmost,0
Ky3217,0
LinoCruz_1,0
LupeJua64120044,0
marcinarcadia,0
MoBruner3,0
moffdece,0
mtoth913,0
NatSparbeck,0
NeigCrypto,0
NFLFantasy_More,0
Ni_N9ne,0
NobleShitzoo,0
NWSBillings,0
Pen63,0
Philouimette_,0
pinpointsports,0
PinPointSports,0
PistonsWatcher,0
PlatypusLyfe,0
PolishFishman59,0
profpatti,0
Queenflaair,0
RecallsDirect,0
reganhogan14,0
rellik_hunter79,0
ReturnOfTheMig,0
richardblaylock,0
RIPMegatron_81,0
RotoLineups,0
RussNFLDraft,0
RyanJCohen,0
sa1tyrose,0
SMingFootball,0
SparkysGhost,0
sparkysghost,0
TheMace,0
TheOnePrideGuy,0
TheSitDown716,0
tokyo_kyoto_jp,0
tonyspam,0
wannabekraze,0
xomandyyyxo,0
zPrestige12,0
23XIsquirrel,0
24Roger_S,0
703jitslover,0
77jano77,0
AdamSmallKSL,0
AnkitMahapatra2,0
BadChoiceMilk,0
BfpSocialmedia,0
bignemo80,0
Bkey313,0
BolexcyVibes,0
bourgeo3,0
ByronHobbs6,0
CoachBWilde,0
connieburke,0
ControllaLucid,0
coreychilll,0
CWFFLeague,0
Erik_Parsons,0
fearlesskristn,0
FueledByMotown,0
garretco,0
gondeezy34,0
gregking52,0
iyad_okour,0
_jacobmfisher,0
JGallagher_22,0
jimbob_70,0
JLump22,0
Josefius,0
JReames4,0
jreames4,0
JustinManeOff,0
kayboo1284,0
kendohllparker,0
klinger2069,0
LadyTrooper97,0
larrynemecek,0
LaurenAshlei,0
LionsOnTap,0
LionsRoyalty,0
LovelymarisaT,0
maddawg906,0
MalikCo47110763,0
matthewfelan,0
mbarer,0
mclaughlinshow,0
MitchellKinner1,0
Moonknights1,0
NateRheinheimer,0
nez7won4,0
NYYanks2009,0
onikafanonly,0
OregonDOT,0
philcolley,0
Real_TroyMuller,0
Robertofarad,0
SharonKise18684,0
shinglestrup,0
SjohnFiredUp,0
steelpond,0
TheBeenibaby,0
TheKevinEaton,0
TheProfPearlC,0
T_Kelllz,0
TonyMillions,0
trent_weather,0
twistedjazzman,0
vee_monty,0
VitoJerome,0
WetKissesB,0
xArczy,0
zel_______,0
69LatzSummer,0
AdamWessel,0
b0wseytoffeetit,0
bechtelJOE,0
BlakeEM_,0
Blunt_Tre,0
boonersports,0
bspence5,0
ByScottBarrett,0
chefericap,0
ChrisA_______,0
CJ_Megatron,0
cooki3boii,0
dan_doebler,0
DannyBennett,0
dannybennett,0
DerySpeaks,0
DHEupdates,0
djamesrealtor,0
d_nwo1,0
DrDCH,0
drosssports,0
DustyPicks,0
dustypicks,0
EricMDorsch,0
erikscards,0
fairytrailstory,0
fmunozj,0
FootballThird,0
iamerasmo,0
IamTonyBanner,0
impeachdummy46,0
jakharicarroll_,0
JosephToscano3,0
josephtoscano3,0
j_R0dr1g0_51,0
justice4martha,0
KashaDa61278002,0
ketchphrase,0
kevaxe2k2,0
liberty_rules76,0
marshallchrisl,0
MSU_Yoda,0
myfriendtheend,0
Nachos_News,0
NicoTheGreco,0
NotLuigi89,0
OnikaGag,0
pfnnewmedia,0
Pink_92rose,0
QutThroatSports,0
ranjowe49,0
RonnieMoe313,0
RyanSchuiling,0
scalawag4life,0
SCSportsTruth,0
shbates2009,0
sigurmoz,0
SonnyMartinezFS,0
steveflo24,0
thehaileemurphy,0
theonlycsharp,0
thos427,0
TotalTrafficBTR,0
tquick67675,0
tribefan248,0
tvogel1985,0
TylerEd36495638,0
ultramiriam,0
UntoldNetwork,0
VitalusBets,0
AKMuskie,0
AP804,0
BallInSportsNet,0
Beezer94585559,0
BlakeProperties,0
BlindSavior,0
BoissereeC,0
Bowman73,0
Bsmooth1992,0
CoachHaring,0
DannyDelgad0,0
detsportsnation,0
DonCar177,0
donnas92,0
Dzizzle94,0
EvanVanWormer1,0
FlyguyEnt_,0
frobeniustaco,0
G_grindin,0
GotoKilroys9pm,0
HeartyApple,0
Itslunknown24,0
ItsScottyD,0
JeremyScrivens,0
Jfromthe_D,0
jjthomas06,0
JoeyKrancich,0
JohnnyBuckets9,0
joseram221998,0
JoshuaBHoe,0
Lions,0
lodgeboywork_5,0
M0wealth,0
marybethxx6,0
MetalMikeTTV,0
mglbill,0
MGoBlue_Gage,0
MichaelMonitz,0
MitchellBuck24,0
moresoduh,0
ms_reesa,0
NatoliKaren,0
NickJoe58,0
OmerBaum1,0
OnofrioRino,0
OujaStrike,0
podbyeweek,0
Reeda97748030,0
RevErik,0
RREED85,0
shaneluigi13,0
sharkey,0
sladak4you,0
SM1Jobs,0
Sweasy26,0
TheRealESiV,0
TheRealTD44,0
titorolo,0
tweetyalexander,0
urfav616boy,0
wizOfWoodward,0
wwhiteclaw30,0
YanggangCrypto,0
62jovi,0
adamslife365,0
aggedor_,0
amtifyshopping,0
AngelaKarnes,0
AngelaMagana1,0
barbiebrox,0
BillNicholov,0
BorowskaIza,0
bumplovemi,0
cincygreghoodin,0
ClayRobi,0
Damsonplums,0
danielle_lou,0
Daniels_Hawaii,0
EmilHensley,0
ernpup,0
Fakhartwelver,0
FokushabaE,0
gamershhh_vika,0
geoogwang6,0
ghettokidstfug,0
glfamk,0
GrizzlysAJHL,0
InkfinityJax,0
itisnathaniel,0
itzFrayoo,0
JasonAdamsWFTS,0
JDSHELBURNE,0
jj_superhero,0
j_steltz123,0
kimwonmi2,0
lales_lyn,0
LishawnConsult,0
LochrieTucker,0
mannysoriano1,0
Milthon13,0
NeilEvansmail,0
NewswireLE,0
RawMaxximum101,0
rebeldenaweb,0
reynbow101,0
RollingStartInc,0
RuBaRu_app,0
Shigure_99,0
sports_god1,0
Sqalbemuhammad,0
SStonemaker,0
stevehays,0
t42592,0
TanyaCurry1,0
TeachableHeart1,0
TheresaArbowOC,0
Tisha57341699,0
tsuba1207a1028,0
Tuzzi44Kesler,0
vandyman900,0
vapesocietycbd,0
Viriksonholiday,0
walktoenjoy,0
winginitcrew,0
ZackApps_Off,0
zedzedemem,0
ZTNPrime,0
49ers_4ver,0
5nightsatfredd3,0
ABLBOSSJG,0
AdamMayweather6,0
AfricanDream01,0
alexiogrenier,0
ArrayStores,0
BSErecordings,0
BuySoftwareApps,0
Cards_For_Evry1,0
carlvito_gaming,0
chrisadamsuk,0
Chris_Theurer44,0
clocks_101,0
conserv_tribune,0
DadooFrank,0
DailyMandel,0
DariusS56733694,0
DinoBirdOfDoom,0
DivineBodies,0
Divot13,0
Drimorg,0
drvictormbrown,0
fedai_emre,0
Fort_Belvoir,0
godependable,0
greyskiesinc,0
HiteshPrajapt7,0
huntershea1,0
Im_Sabih,0
jimsonveed,0
JoeGrins,0
Johnlongson,0
KennethJWeiss,0
leakingmouth,0
LostX7,0
m1ssbhav3n,0
mediapython,0
MichaelRayRound,0
Mikell13201,0
minecraftmodrf,0
MosesEAli,0
MSulaikNaukhez,0
NahuriraVictor,0
ncsinformation,0
OURbabeboutique,0
padraickeohane,0
Pascaliskandar1,0
PrameyaEnglish,0
PSTramway,0
QPSBenchmarking,0
ReviewForTwo,0
RoyisRoyal,0
SaligramaLab,0
scottdoggaming,0
T19971623,0
TamaraHalverso4,0
threel_master,0
TruFitStore,0
Uccaihsrava,0
_vickymanalo,0
wadt,0
zazoomblog,0
1607WestEgg,0
689jj,0
AhmadRasoul,0
AlexJCornell,0
Alicja87549052,0
arabnews,0
BeOurGuestMike,0
BOSSGIRLFUTURE,0
CatOutOfTheBag2,0
CeoPalm_Paula,0
ConiDubois,0
Dalegusmc1981,0
D_and_DHaiku,0
davidsongrouphr,0
DFOglobal,0
drpatfrancis,0
feravilalozano,0
GameDAVerina,0
gamesfriendweb,0
GamingZadyn,0
geoquaid,0
hanarasoft,0
I_a_c_o_b_u_s,0
ImportsDuke,0
JanelleWaz,0
JoinALC,0
KBow5,0
Kevenlaw,0
leno4kaPr,0
lunapeachie,0
mahoroba_95x,0
Mark_MyWords23,0
marlonveigafor,0
may94780624,0
MitchellWebb85,0
MLPACTU,0
moviereviewrela,0
NaseerA33270132,0
NBShillers,0
NpoReports,0
NSM1110,0
Otherbots,0
peaceasset,0
prontoservicefl,0
Pxxrox,0
rj1975,0
RockybearG,0
Rottronic,0
rtiscarten,0
smilindesporado,0
SniperPheanom,0
SnoozerIIVMMXIV,0
TheNeptoonLP,0
toddgthompson,0
TommySomerton,0
underratedtwit1,0
VelexAdvisory,0
VerdPackaging,0
VideoeNET,0
VideoMusikMP3,0
VindeshiSTAR,0
WestEndLondon8,0
211LACounty,0
a25022327999,0
Artist65327588,0
atyam,0
baileymcd1888,0
BnchmrkAbrasive,0
camor997,0
Ccity3,0
CelticLife,0
ClaudeG50987350,0
ClubCraig,0
ConslancioOnlus,0
CoolQuinn25,0
DaMeKnight_3,0
DanMac2014,0
Dima22573893,0
DotyStephan,0
drBernard_Davis,0
ElectionsAB,0
eniola_onasoga,0
ericlevymusic,0
Fashion19961,0
frenchthom,0
GodBExaltedinMe,0
graffittistudio,0
HardwareBuy,0
highlandcc,0
JAUOfficial,0
jf_rolland,0
KathyRealtorFL,0
katouyujin,0
KEdwardprimary,0
KJWatersAuthor,0
kostassfirakis,0
KriegarWolf,0
KShermanSports,0
make__diff,0
Mark_Uncapher,0
Michael_the_bum,0
MineCraftFLL,0
_missVinyl,0
MpologomaVictor,0
PimpMyLife1,0
realpopchrissy,0
Right360com,0
sexysteve_93,0
solutions_mis,0
SuspenseWrtr,0
TeslaDogs,0
thebest_joonie,0
TMainolfiWESH,0
VLOGSTUBEcom,0
xkohuvuv,0
4MEDLEN,0
akfort44,0
alexfirth21,0
AnteUpConsult,0
ArmyGamer305,0
Bambamlld,0
BennettMcnally,0
betsbycris,0
BillLekas,0
bill_poston,0
BluejayBuckets,0
BookAddictGrrl,0
BWMcGair03,0
ByJonHeath,0
calvaro,0
cf_HotTakes,0
CowboysFan714,0
denzelayeah,0
DetroitTankCity,0
dhbclasouth,0
DLightz1,0
documax,0
DonJamesSports,0
DuncanRobertwin,0
emajmtothej,0
EverygameSports,0
FantasyInjuryT,0
FilipeVdc,0
FreezerOnTop,0
fyefrezzy,0
Gatimo,0
goodgrlbreabrea,0
HitTheBooks_Pod,0
J2GamedUp,0
Jack_GOE4life,0
Joe_Sway,0
JTTheBrick,0
kareemslick,0
l0uFromDaBx,0
lauren_cataldo,0
LegionofA,0
Magic_Mahomes,0
MarcWeberSports,0
MichaelLibbie,0
Michigan_John,0
ModeFoker27,0
NoahsArcOffical,0
PatLeTexan,0
Phroz3n_TriUmph,0
phyliciakara,0
RapSheet,0
RedgmanNyc,0
rocanlovervic,0
ronniewhitmore,0
ScottRafferty02,0
SetSail1976,0
SkiNLikeNuTeLLa,0
smartmktguy,0
spursodyssey,0
SSDavidT,0
TellyBaby22,0
TheBettingM,0
TheFleshGordon,0
thewgpodcast,0
Tobycally,0
TravisFuguet,0
ViNDiNi,0
WDobison,0
zane512,0
12s_4life,0
20UnDiSpuTed13,0
AARONIZKING,0
Aaron_Lafond,0
ABall1989,0
AssassinPicks,0
BergesProd,0
BetClag,0
BradBerkowitz,0
BruceBeck4NY,0
BSoloNJ1,0
cheekybollock,0
CLButler76,0
Coach_B_Jones15,0
craddyshaq,0
Craddyshaq,0
CraddyShaq,0
Cronusvan,0
dugless1ders,0
Durpadu,0
FrancisMpu,0
garykey925,0
GRevmgbrown4,0
HerminioRay,0
HHec13,0
JaviMunozJr,0
JaviMunozJR,0
JMcCulloch13,0
johnnyjohnjon83,0
JordanKatz11,0
JoshOnAir,0
Justin_cMiller,0
KatosPicks,0
KellermanFaxx,0
Krystalness,0
lasvegasbetting,0
Lets_Go__Flyers,0
Lifes_Not_Easy3,0
lostdogs20,0
lucasfrankel,0
makyu49ers_FTTB,0
marsbarxx123,0
mhall1183,0
MilwaukeeHotBuy,0
Moosh0611,0
MrRecord,0
MxZvGx_,0
NathLFC24,0
oldbayqueen74,0
onetwocross,0
PabloAguirreO,0
racing_flamingo,0
raysfan50,0
robkmusic,0
roque_coral,0
Rossitron5,0
shanden1125,0
SpursShirt,0
squonimo,0
stephenstackzz,0
sttouponse,0
taanubey,0
ThatsTheFactZak,0
TheDutchConnec2,0
TheReaIDjango,0
timriggins28,0
tommys50pesos,0
TwinsLD,0
VoiceOfTheStar,0
weallwantsome1,0
whatgreenlite,0
YigitD85,0
YuriyATL,0
abelgonzalez333,0
aintthatamitch,0
AnthonyMSG,0
Blackmartian333,0
Brandoniswrite,0
Chops120,0
chrisrahn,0
Clarktdalton1T,0
cward78,0
dctsports,0
DeezyReezy,0
Djbousquet,0
DKMR_,0
drboss202,0
EddieBNYC,0
FightRomeoFight,0
francinaaa_,0
GaryRWard,0
gfphelps,0
GrantDahlstrom,0
grudz2,0
guy24_sports,0
hamster893,0
heyy_riggs,0
HortBen,0
incredibleflam1,0
iriesta29,0
Ismael_BBM_NYK,0
itsgoingtorain1,0
jarvy0486,0
JenScot15004619,0
Joefanatic23,0
JordanHallWX,0
_JP26_,0
kavithadavidson,0
KPandal,0
LitaTweets,0
LJayy7,0
lubin_poncet,0
MarcoReNer_azz,0
Martinswagr,0
mmacnv,0
mstreppone9,0
NFLPenaltiesCom,0
NYCKING,0
NYJGreen16,0
ochoslize,0
oncediariomx,0
phishfoam,0
Pinner_G,0
PorterTexpat,0
RealBobManning,0
RealJamin_Joe,0
RMMannyUS,0
rudyllanes2,0
Shehroze_khan,0
SirQ242,0
Smittydoes3,0
Supracuckoo1,0
tbocchino94,0
tc0888,0
TheSirRobotto,0
Tony2Tanks,0
towen_5,0
Tzgrey77,0
vegas_man_007,0
VixenWonderland,0
zdmay,0
4Jia,0
ALCook85,0
Alex_Chatman,0
BellyUpSports,0
BowieTVSports,0
brandizz3l,0
BrettW_Voice,0
capksharma,0
Cappers_Picks,0
CooperGoede,0
ctsotsoros,0
DaveK70,0
DerWeisseHai09,0
DmicMedia,0
DON81527,0
DWhitti,0
EcoPro_x,0
FightingVoice,0
fightingvoice,0
Greg81742,0
grimson666,0
Hard2beM,0
HarveJacobs,0
hugo_mlsee,0
ImYourHostVick3,0
ItzDeshawn773,0
JacOnMac,0
JaredLuginbill,0
JDSportsTalkNY,0
JHook9,0
__JimmyBX__,0
jonnybgoode82,0
Juannn7_,0
K_AFred,0
Kat_4ReaL,0
Knickloyalty,0
KnicksCast,0
KnickWitAtitude,0
Li9nsR9ms,0
m1k3ym7z,0
MarcouxTyguy,0
Metfan2987,0
MigueloJL,0
mirror7news,0
_NathanAshcroft,0
NehybaPavel,0
NYBlueSportsFan,0
NYNC214,0
OdintheDog3,0
otter805,0
PanKnick,0
PaulFiore,0
Paulyy_K,0
PhillyPhillyPod,0
plautzenpanda,0
poorinvestor7,0
RealKathJL,0
___Riaa___,0
SCunn1932,0
SinglemanWQN,0
SKProFootball,0
slimshatty__,0
Spartaks,0
thaso77,0
thebreaksong,0
TJRosen_,0
tomknick,0
Tulymong,0
VonessaR,0
2BusinessSavvy,0
afpierce,0
AFPierce,0
AksharaVs7,0
all_about_aBenj,0
AllAccessNYKNYM,0
Andy_Beebe,0
bagasass,0
BARBARKIVE,0
Barbershopspor2,0
beinsports_FR,0
Bklyn57,0
bport0814,0
carloscartovar,0
ChefGunzYT,0
ChrisSaidWhat,0
CptheArtist,0
davram88,0
dukeofpeckham,0
El_WorkHorse,0
financejonE,0
friskykillface,0
GameChangerNick,0
GameChangerSean,0
iamanalicia,0
iamteionsole,0
JamesCali707,0
jayride88742017,0
jfranklinevans,0
JohnLeto75,0
JosephDMcLean,0
jrbfire1,0
KateOHareWrites,0
KingofPromos,0
kronSAYS,0
LegendaryLade,0
LiveBreatheTek,0
L_J_Sheppard,0
MAButz,0
MannyFresco16,0
Markusgarcia19,0
mattgzman,0
mccreav21,0
Mesut_FrOuzil,0
mikedaviswins,0
MNVikingZombie,0
nflrums,0
NYGreenMachine,0
NYPost_Brazille,0
OneAimSports,0
oursidman,0
R0am3r,0
ranked27,0
Rdrunner5k,0
RICKMA,0
RoofTopMariner,0
RTIsBack,0
scrosheesh,0
sportsguyjose,0
TheReal_21Kid,0
TheWorldOfDee,0
TonyRushingNY,0
Turbo1289,0
TurnpikeSports,0
unclebarkycom,0
wobble223,0
49er_edits,0
5thQSports,0
AlanLLee,0
Alex__Monaco,0
asdrubal3000,0
BC101089,0
_Beezo__,0
BerMEWdez,0
BLITZMagPrez,0
bostonsfavson,0
Bostonsfavson,0
Brian_McLachlan,0
CavsHoopman,0
Charles_OlivaAZ,0
chip403,0
chwder50,0
CoachRod_Rogers,0
CobraKaiGuy213,0
DavidMTodd,0
dc_realtalk,0
ddouglas7,0
declan_lennan,0
dkbricks007,0
DonSellsSTL,0
drsportsmedia,0
fare49,0
fishsports,0
gogokartt,0
HawkBoys515,0
Hawksbythesea,0
iamJsmoove99,0
Jackoclous,0
JeffRowan10s,0
Jetsfan5421,0
jjtuttle1216,0
JontyEvans,0
jwilhelm3,0
kaumlaut,0
KevinMSchupp,0
lawdogsports,0
LawDogSports,0
mediachristian4,0
Michael__Stone,0
MKinneyMedia,0
MrCleveland_216,0
MySportsUpdate,0
nateman79,0
NhlaloSnr,0
OutsideJohnny,0
PablitoCabrales,0
PatchAdams303,0
pee2019,0
PepeLeMokoSr,0
RPYK,0
Septacular23,0
SmooveLeCool,0
SpanishninersF,0
TalkingTrash_DU,0
TexasCouncilFV,0
theaboveallshow,0
THEEJoeMess,0
themrsLindsayB,0
TheReaLBruCur,0
TherealOggyh,0
TheSoleRanchNJ,0
_Tiffaaannniii,0
Topbunksports,0
VaclavUrich3,0
VisSwoops,0
VoirolJarred,0
VrginX,0
_WHOisJAYr,0
y0da7119,0
yadielo4,0
yaknowDUDE,0
AdyMix,0
Arrow1179,0
awfulannouncing,0
b0lofhaseeb,0
Basketball_SK,0
bradyrice4980,0
Brianramos0219,0
CedarEden,0
CLTcapper,0
collinsmandm,0
CRML21,0
cube_sports,0
DanielWClarkDWC,0
DannyG_NYC,0
EmergeInferno,0
Faazzla,0
FLOWERSRITA,0
FootballForeca3,0
green1golfer,0
GShahpini,0
gteeitup,0
herman_yu,0
HoSuupermaan,0
howardeskin,0
johnny_rosado,0
jonlustig,0
JoshSky01,0
JoshuaRobert56,0
KnicksVerse,0
lalnh,0
Madhur2090,0
m_capi2,0
MdollarBetts,0
Mendez_in_MIA,0
MissAmandaRaeee,0
MontalbanoNY,0
MrAlvinSane,0
Mr_Hunter_,0
NicholasFasull1,0
NickeyDyme,0
ourturffb,0
PadresStrong,0
pleblanc23,0
RNhial,0
Rob_Z_31,0
RogerClark41,0
softbaljunkie46,0
stefystef319,0
StephenMeyerRDC,0
SteveMerril,0
SwagFlu_Thomas,0
SylvainViale,0
tdorduncu,0
The_Foti,0
TheKennyRoda,0
Thory123twitch,0
tony5o0,0
TopTrevor,0
ttinanguyen,0
VegasSnitch,0
Vets4Mets,0
VVinzetta,0
WP_Performance,0
youngtupacc,0
ZacCarr5591,0
0729_LEOALLDAY,0
3buckchuck35,0
acethamc,0
AvisVerde,0
axgilbert,0
Bashworld2K,0
bclew44,0
Bill_ArnoldMKE,0
Bohao,0
Cagedboredom,0
cagedboredom,0
Capn_ToeKnee,0
cedrictillman,0
cowboychrs,0
CrysRoxx,0
DallasC11056691,0
DamoSC,0
DankwaBrooks,0
DBStyles82,0
Denvermarseill,0
DevNicole25,0
dk_meth,0
DonBolo79,0
DrConscience,0
Fanteractive,0
FieldLevelMedia,0
fkh4n_,0
GabeThoughtsIdk,0
GeorgeCWang,0
goJohnnyA,0
GWallaceWTOP,0
harlanwheelerr,0
harrislove11,0
haskell420,0
huuuge2k,0
jazzmessenger,0
JBellSATX,0
JBristolKHOU,0
JeffVance12,0
joekrishnan,0
knickstake113,0
LanceRig2004,0
LeeBeatzz,0
longoffthatee,0
MassArt_Images,0
matt_vn,0
Michaeloptv,0
namcarver,0
NYG_4_LIFE,0
pelsrbetta,0
perfecthennig,0
Pitcrewprincess,0
podcastbande,0
PuckSlutPlays,0
rcarthen,0
Red_Skorpio,0
ROICapper1,0
RoNutmeg,0
R_Schierwagen,0
Shay_Shaw1995,0
Shiz86,0
SilversteinAdam,0
steve_singh420,0
StonedGod_,0
tennispro24,0
TSRsports50,0
VanderlansJim,0
VinnyHardy,0
whpotter,0
WorldCapper,0
a1sportingspeak,0
alan__astro,0
AmandaODT,0
aqallaf,0
asherdgreat,0
atg7312,0
bcam_14,0
Bet99Sportsbook,0
bigbanonos,0
blakeredding11,0
brandon21002,0
BRappy55,0
brendan1352,0
BringLemons,0
CharlieRob77,0
CharronElliott1,0
CraigHolbrook17,0
D_Nova29,0
donguz7,0
dylangonzalez21,0
EatmeGodzilla,0
funnymoneybets,0
GCasmer,0
geoff_Q21,0
HansTorres98,0
HectorLedesmaTV,0
IamIvanOmar,0
itsJustinRitch,0
jakkielouw,0
jlabastille,0
JohnnyPavs,0
jschwartz115,0
JustinDavidKish,0
KaplanMatanel,0
Kbez23,0
KnicksTalkNYC,0
LawsNation,0
LightSkin_bud,0
makarov__,0
marcometer,0
MattLewisSports,0
MCbets__,0
PayInCrypto,0
Prettigrlrere,0
quisstar,0
SeanMatthew13,0
simplyjuline,0
SirDJay3,0
Soccer_Stats,0
sodaking,0
soolebop,0
Surfroots1,0
thacruzi,0
TheBroncosWire,0
TheNastyOatmeal,0
TitanSmashMTG,0
Tmogames20,0
tommy_yarrish,0
TripleFo,0
zach_56_shaffer,0
aimonas1,0
allinautumnwind,0
bigheadjosh92,0
BurnCitySports,0
BurnsJ33,0
campusreform,0
ChrisFr34897925,0
CRS_One,0
deepblu,0
drinking7up,0
fabien_fichaux,0
FireFd42,0
GeoKnowsBest,0
HazaUTD,0
hbkid718,0
hiddenkiddd,0
HirutGebremich3,0
idrobinhood,0
jb9180SMHR_7Y,0
JohnnyU31776738,0
Jordan48086342,0
kiagirl_55,0
kingcreed98,0
King__Ragnarok,0
KnownIntrovert,0
koalabebop,0
LaydenRobinson,0
lil_jon_boy,0
LucasCharpiot,0
LuigiWrestling,0
mark_michalski,0
MMBRadio,0
MrCasanova827,0
Nesha3845,0
P4tRiot101,0
PeralezZachary,0
Politiko_famous,0
proud2serve101,0
RasslingFAN,0
RFetsick,0
Rockford_IL,0
rockstarblayze,0
rwyjunior,0
schoondoggy,0
skysdadrocks,0
TalkSportsNY,0
tarheel_texas,0
TashyRR,0
TatumanAurora,0
ThreeAndOutIESR,0
TrulyJulieRokks,0
TSOWrestling,0
TSoWrestling,0
twinsdaily,0
UpNortDreamer,0
vidomix,0
WrestlingCovers,0
WWELUFC,0
xenofobismo,0
ZeuS3S,0
1AtomikPunk,0
4showuright,0
52York,0
abhisthebest,0
abra30a,0
anauburntiger,0
BGMSportsTrax,0
billyf65,0
bitchwhatline,0
bowling23,0
BriannaGist_,0
capitolwhip,0
ccgamergirl94,0
ChandranTheMan,0
ChelseaL8ly,0
climate_farce,0
Climate_Farce,0
CoryChurch20,0
Cory_Hays407,0
DameDonn,0
Doc_JJK,0
Elon_IsTheMan,0
estevamsantoos,0
geekwrestling18,0
GeoffRhymer,0
HiteshPrajapt7,0
Hyoma47,0
Irii_Ce,0
IThinkUSofA,0
jahlovesmusic,0
JamelMcgee9,0
JamiePrestigio1,0
jesusshuttlez,0
ji711,0
jillsteet05,0
KB6Champion,0
krystal52796,0
LarsonKellie,0
lizzylizrod10,0
Marlayna_Love_1,0
mattie1220,0
mirror7news,0
MRDRShayWrote_,0
MrsDoubtFireSF,0
MzButterfly77,0
naneebalboa,0
OMEGAJACKSON914,0
oxlge,0
QuNashjia,0
RatRugHachi,0
RBJ217217,0
RCvengros,0
RDB_KING1,0
reigns_era,0
RoseyRainDrops,0
SashaMania36,0
Sassenach78,0
SatooYamagata,0
shaybeezle,0
StevenS23337721,0
sthe_way,0
TheMikeSanchez_,0
themoe85,0
Timothy08731120,0
Turtle_Taube,0
USANetwork,0
WhoInWhoville,0
yankeejetsfan71,0
A7MADwv,0
alanakvandeveer,0
A_L_W_podcast,0
Americangurlz44,0
augiewalters13,0
Best4Business15,0
BigDaddyTail,0
Cam_B_2Chill,0
CEECareers,0
ChrisAFilippone,0
chs93dlj,0
cimagsD4L,0
CourtneySawicki,0
DaMENACE37,0
dancintina,0
eliavgabay,0
EWirii,0
GeneralRayburn,0
GibsonMenace77,0
GoodeJobs,0
GryKngBlakState,0
handymanoldturk,0
harryxgoldens,0
ITSJUSTMECE,0
JewishSharp,0
Joelibera,0
KScott09306742,0
lexi_beach_98,0
lu_lovesboxing,0
M20Roge,0
Mary_Flynn17,0
MaysinLayne,0
MBM_Technology,0
MBM_technology,0
MBorogroves,0
Monte_Cristo_C,0
moreiraotavio3,0
nathanknol,0
NewJerusalem77,0
NihoffJM,0
NMangum_,0
Original_JNO,0
P1Grindking,0
PacoquitaBi,0
Philouimette_,0
POSTwrestling,0
PrinceWatercres,0
PWMMANews,0
SaulAlejandr00,0
Scarface_TMC,0
SethJoseph95,0
Skye_Jace,0
sn00pdad,0
squawk_hawk,0
SquintAuthority,0
SteveEisenberg5,0
SteveSchwab1961,0
thepropork,0
The_TicketGuy,0
USAS_WW1,0
VettedNewsCorp,0
Wadafa7,0
Wiild_Flower,0
WJTW19,0
wrestlemaniacos,0
wrestlenotice,0
WrestlePurists,0
XOforevaaa,0
1996Oakhill,0
42Rc21,0
600shy,0
A1_Nero,0
akasgtmom,0
ashlyn_neville,0
astroqueen67,0
AxlV99,0
badger_dave_,0
BASSETTSLANDRY,0
BrandonJRomero_,0
buffalocharging,0
bvdgvy,0
carimeli,0
cinemageddon,0
Clairedashian,0
Congrats_USA,0
cooldrummer21,0
DailyWrestling0,0
DavidCastillo1,0
DavidWilliam824,0
edxth42,0
EqualiSource,0
FadeAwayMedia,0
FIFFribourg,0
ForMyTeslaY,0
freebasquiat,0
FronzakWWE,0
GaggiaJuan,0
Greg_Holt_,0
HAGGOOGANE,0
history86634788,0
Hyem12,0
iScreamWrestlin,0
JaredFo85904268,0
JonHexLives,0
Jus_CallMeSmoke,0
KennaMcHugh,0
Kennedy1Robert,0
LibertyAngelUSA,0
lio_capone,0
liverbabygirl,0
Lseeyalater,0
LydiaTrotter,0
MatthewShirk11,0
MixMastaB,0
Mvndvrin95,0
Nothin2Sumethin,0
phil_lerious,0
Philly_Made_AL,0
PollsTesla,0
Puma43,0
rasslinBIZ,0
RebeccaFit14288,0
sourpatchkidsx,0
SpoPolPop,0
Steve1oftheMany,0
Studleysmum,0
TaylorUTD17,0
THEBLIZZARDSIX,0
TheToneWhite,0
TheYOLOArtist,0
TIMWrestling,0
TimWrestling,0
UlisesReturn,0
xAmericanPridex,0
63Raider505,0
8rend,0
AChap68,0
Ashailes,0
chennaivision,0
elizabe32184838,0
fatgirl_az,0
KatosPicks,0
laurahollis61,0
l_myre2,0
MsChris1221,0
NowImPruneTracy,0
PrinceGemini95,0
rahulshariff,0
Raymoz501,0
raysfan50,0
RedNorm01,0
SatoshiUzamaki7,0
schotziejlk,0
SDevilleLive,0
SKWrestling_,0
TheDirtyAlpaca,0
totalake,0
TwistedJohnX,0
VashonReddick2,0
BasinStRecords,0
BmoreSchools,0
calidaddude,0
Cappers_Picks,0
CassieJFox,0
ceiiisports,0
charles_r_ellis,0
ClemSportNews,0
Costein45,0
danmmeyer,0
decaltur,0
deedinsidenout,0
DemsAbroadChina,0
drawlability,0
drew_sports_,0
Dtgreat13,0
DuckhuntinDawg,0
Ezebeltrump,0
FiredCoaches,0
Gruelingtruth,0
gwoman9810,0
IfItsInTheGame,0
Jeff11740987,0
jiffyman9,0
jimidouglas,0
jstorm482,0
kaykuls,0
KBArtCincy,0
KennyEller4,0
Kes8514,0
khadijah_hasaan,0
klyman841,0
lasvegasbetting,0
LoveYourzPod,0
Lugiagirl221,0
LUHeels804,0
lukereasoner,0
matt_hardie,0
Matt_Hardie,0
mindycpa,0
nascarcasm,0
OpStCyprian,0
oregon_girl3,0
pat_pathetic,0
PenyaValley,0
plarkin88,0
Practical_picks,0
Rick_Ramirex,0
rmtbiker44Roger,0
robc2815,0
robertkelly7108,0
rtayloracton,0
RussCote,0
Scott_Powell04,0
SeanTPendergast,0
shinotsxoxo,0
ssskb33,0
StephenCCrocket,0
TD2timeMVP,0
thebenwhitehead,0
theclemsonkid,0
ThotsPrayers5,0
TylerJankoski,0
WilliamLeeRich,0
aCole_Schmuck,0
Alex__Monaco,0
AlexWisePNZ,0
amerine1000,0
A_Mongoloid414,0
antbarberio1,0
BellyUpSports,0
Bigredreg,0
Binder2019,0
Blaydez_Cardz,0
bob_sports_pix,0
BullyPulpit6,0
Catliquor1,0
chi_bears4life,0
ChillDictat0r,0
ChrisFromGA68,0
CoachJernigan,0
COSportsGuy303,0
Dangle_sack,0
DeanGrecco,0
delagold7,0
DonnieSEvans,0
EarnMoney2012,0
EDewayne02,0
epage256,0
fredontv,0
GroverWindham,0
HaitianHerb,0
jasonkredline,0
JeanineSko,0
JimWoodPMP,0
JLAVS1231_,0
jnwilliams,0
JoeLodanosky,0
jpeterson419,0
king4shoo,0
ktjohnson22,0
LanceJewkes,0
LocksMoto,0
LOVNLA,0
Maddie9994,0
MikeAranaShow,0
MikeBennett803,0
MizzezDeanie85,0
mrmiagi75,0
nau_joseph,0
PMHayesII,0
RealPatMcNeill,0
RevKenwin,0
rkhendrix11,0
Ronniearias,0
sam_kinney18,0
sam_macie,0
ScarletpainEra2,0
ScottM111,0
ShawnLarson23,0
SimpleDawg,0
Sportifications,0
sports_only_,0
Sports_Only_,0
SSN_Clemson,0
stacy_laurens,0
TheStevenNelson,0
throwleather,0
Tiger_Timeline,0
UCJags,0
VaclavusU,0
Weeb33,0
Wilfried_VI,0
_ZKD_,0
AaronToussaint,0
AllProsPicks,0
a_norton,0
Aron_Todd,0
aTiFdAwOoD,0
Austin_Arvidson,0
authorayoade,0
blaqsbii,0
blksethrogen,0
BovadaOfficial,0
BwarkBwark,0
CeeKristi,0
CharonShield,0
ClemsonBaseball,0
CoachClayBewley,0
Cognetta74,0
CoryG49,0
davidfoxjr,0
Dmtaylor125,0
DrKavarga,0
eben1804,0
el_diamante3,0
Faino,0
FullTankPhil,0
Gospel_rx,0
Gunfish1968,0
heathtboyd,0
HuddleUpPodcast,0
iAmMuzicKing,0
IndySportsAF,0
Jamestechx,0
jamestechx,0
JeffryWood14,0
jenn_andd_tonic,0
jetski85,0
joeyjo35t,0
johnloc75707054,0
kelsi_bree,0
lynda_dav,0
ma73135405,0
MattCUCFC,0
MLB_Hannah,0
MondayNewsMedia,0
OutstandingCre1,0
PaulJElliott,0
RissaKinara,0
SamThaManLee,0
snipercatcher,0
squanchy21,0
StevenSeril,0
SteveParkhurst,0
StithMegan,0
Surfroots1,0
TejasGordon,0
TheFakeSith,0
thejmpatterson,0
TheQtweets,0
TheRossBrendel,0
ThreeTechPod,0
tl23soldier,0
TomCat7995,0
tomdesee,0
TrekHaiku,0
TrojansWire,0
tsandg8r,0
ucup_sanusie,0
Wakiesgirl,0
warrenrambo,0
zgolden715,0
19_TheKid,0
1AIsFreeSpeech,0
ag_peach,0
andykr2345,0
BakCuzOfElon,0
Beer_Ace69,0
BeersBowman,0
BIGcizzle35,0
bleedingcool,0
bluebloodcoug,0
BMeninism,0
BoardGeniuses,0
BratsUnited,0
breacher60,0
CadChica,0
CamDerbyTV,0
CamTweetsThings,0
cbaker_nj,0
dildoisland,0
djbrianpate,0
DontEatCornDog,0
dougascher,0
ElijahKRoberts,0
EvanFassbender,0
fxckTrump79,0
Gamblerfeeds,0
Gervonte1,0
GordonG75355701,0
gpc_4,0
GraydonDan,0
greenmagmedia,0
gwo4,0
HinrichsenSeth,0
jeanniebrichett,0
jefflipack,0
jelstonCBUS,0
JessaCall,0
LastBYUJedi,0
lhd_on_sports,0
MajesticMeeper,0
mmbirmingham,0
muta_rosso,0
NickMarino_,0
NotAGoodGamer14,0
nsanelanetrain2,0
OhioPlayer80,0
rickybowen2,0
RockHardCandy,0
rwrobinson37,0
SCunn1932,0
sdjensen,0
SnakeyStrider,0
SoullessWonders,0
sportoz99,0
Station7chix,0
stefanboom73,0
sweetlou025,0
terrelloglesby7,0
TheBigT44,0
TheKennyRoda,0
TheRealMr_Chaos,0
therealzandale,0
tjatua,0
TOKYO_HEADLINE,0
Water_Sand_Lyss,0
WizardOddsShow,0
18_4_LIFE,0
22ShaneOReilly,0
Aaron_Borland,0
acincyfantalkin,0
Amanda_1914,0
arpan_on_BC,0
atkinson_craig,0
bekahdthompson,0
bksphotographs,0
btsmendeskobe,0
cantbeatthec,0
CBove1,0
ChipAcker,0
clepipes,0
ctsotsoros,0
C_Weezy90,0
DanielRyanEvans,0
DarrinLuksik,0
DaveMReports,0
dayman23,0
DrewDenker_,0
DSports24,0
EraPrep,0
gcerbone,0
Go_for_Mav,0
GTRivalry,0
hayleybekah,0
Jbriggsy_14,0
jhellman3,0
JimmyNoodlesGG,0
jinkiesitsme,0
justthink1111,0
Kevin_L_Johnson,0
koosamagoopaloo,0
LucianoYoma,0
MikeTXXi,0
NavymanMartin,0
Nickerjones,0
nowantfakenews,0
npatron87,0
nseverett7,0
PatriarchTree,0
Pest15,0
pinstripefan1,0
Pluvlaw,0
PsiloPsyched,0
purplemario920,0
reid_heaton,0
RirieBulldogsAD,0
robmccormick,0
RoyalAndMadSol,0
SalmanKaos,0
ScottWarner18,0
sjroah,0
Skippyjerkins,0
slabadaud,0
SpencerWitt68,0
tammynorth239,0
TFervida3,0
ThatsSoKB,0
TheColeBryson,0
thismoment81,0
TigerPreGame,0
TIinClemson,0
ToothlessRip,0
VivaMattyVegas,0
aalexbailey,0
_AC91,0
AceHessian,0
Adams_Ryno,0
agrinavich,0
AhmadSmith_0,0
Aquaman247,0
bahozak,0
Basilviii,0
B_Cox09,0
bengel_tiger410,0
BigPapaFish35,0
BigTStaples,0
BoneNyou918,0
booksandquills2,0
captainmarcelll,0
ClemsonTigerNet,0
CrimsonTideWes,0
cstu2,0
CUSportsMedia,0
Denis15Sonia,0
DHSalter,0
elinforman,0
FanDuel,0
gladdruss,0
GOFORTHE2,0
GTIfan,0
__guerreros,0
hackedbracket,0
HarmonGayle,0
iGoatBP,0
iuic_haiti,0
jakvegas,0
JPLubinski,0
KalistaAndrew,0
katielipton,0
KyleBroughton4,0
lindsayhickman_,0
LoAshleyyyy,0
LonelyDrink,0
MeAloneInMyMind,0
Michael___Hunt,0
M_W_Moon,0
MxnJhonnyDepp,0
n8rix,0
NaomiOrre,0
NLeeC1,0
NorCalCougar84,0
PicksdelSoplon,0
pjbrown_III,0
PopTartsBowl,0
Richard_Breen,0
RobertoOsornio,0
Speedraycer93,0
stuburner,0
TangiAnnaSaint,0
TEAMRODSBI,0
ThreeAndOutIESR,0
tommyklecker,0
tomtitleist,0
turbo2point4,0
uamscott,0
UAMScott,0
vanvoorhisaurus,0
wagerbetsports,0
WaqarNazeer10,0
william_voccia,0
Acugenius,0
AlexanderVafeas,0
BatamPos,0
bcbfb2015,0
CflowersChasExp,0
ConnieScouts,0
curtisspear89,0
DegenerateMac,0
FieryBlazeNew,0
grantharriss,0
GreggInSC,0
Haste_TheChase,0
herbssolutions1,0
imthatswag,0
Italian_tuneup,0
JimLaheySV,0
JSeibContreras,0
MartinAsinari,0
Matt23Moore,0
McL106,0
MerlG_Official,0
MJCflipdascript,0
molheath,0
nicknewman801,0
Perello617,0
R0KL0bStEr,0
realOCsports,0
RRowdybush,0
SkekTek,0
SkipperIsMyDog,0
SoSportsCentral,0
Strutter614,0
TigerMovingSC,0
__TreyOcho38,0
tyler_grimes05,0
Tzgrey77,0
UD_TYPE_OF_ISH,0
volcombug,0
WSBIGGERSTAFF,0
15MinutesOnline,0
8mellowfree,0
99KX250,0
AcexCrypt0,0
andrew_vvack,0
BergesProd,0
BigEdBarr71,0
Boss_man814,0
BrettHarshey,0
BryanDeArdo,0
catchit16,0
ChangeNFLOT,0
Chris_Camello,0
Christian9491,0
cmsdad,0
CoachMarkland,0
DDQ75_,0
dk_meth,0
dougeldridge,0
EricEaze,0
erik22lax,0
FNULNU1,0
FootballJesus,0
fortmill49er,0
frankiewmarin,0
grea_warner,0
HortBen,0
InsideInjuries,0
JBye33,0
Jordanofmadden,0
JoshuaRobert56,0
KCJB_Pride,0
KelliBartik,0
KingDamien6,0
krissyhaynie,0
leeburt,0
MadelynBurke,0
MikeCairns5,0
Mrignut,0
NFL_Rob,0
NickCarboniWCNC,0
nygfan86LT,0
PaulSwampyMarsh,0
PFF_Simon,0
PGHPirateQueen,0
reedbecker21,0
rocksteady31,0
RockSteady31,0
RomanDziuba,0
ryanmcfadden_,0
rydunleavy,0
Sports70,0
srchilaquilles,0
SteelerG4FL,0
SteelerSanc16,0
SteelersTres60,0
Steel_Tweets,0
steveAKAslick,0
tdippo,0
Th3Street_Noble,0
ThePortaJohn69,0
thethirdrobbie,0
todd1clark,0
tommosser,0
vMatthewHarper,0
walther45_carl,0
whyno_6,0
YourFriendTuna,0
YouTellMePod1,0
ABYRDJOINT,0
aknaggs1258,0
alexzietlow05,0
AndrewManley1,0
anthony_kpa,0
BBONYGPodcast,0
_BigDawg87,0
booneblows,0
BrettBrooks41,0
brianwacker1,0
Bucs_Nation,0
ByJoshCarney,0
cash24s1,0
CDFBAnalysis,0
charlottevibe,0
Danielle_Stein9,0
dayman23,0
denizselman33,0
diz_lgoe,0
DPhil_66,0
El_Noseking,0
GabeMcDonald_,0
Goaty_Szn,0
HEPennyP,0
hogginprague,0
iLikeNobes,0
Jeff_Mans,0
JLMartinez2019,0
JoeSteelerFan,0
JosinaAnderson,0
j_p_c_101,0
JustinPressman,0
JustinWade_,0
katzenfreund99,0
kensgotbs,0
kpelechrinis,0
lpatterson3,0
Matthew_Ford92,0
Michael71535951,0
mike_e_kaye,0
MikeSolarte,0
Mphfbb,0
Mr_Burns4,0
MySportsUpdate,0
NewsclipInc,0
NFLPenaltiesCom,0
nille_sb,0
novablak,0
OscarSn22162945,0
PHX_USA_Sports,0
Pluggage_,0
postgameheroes,0
Raymirez24,0
reneromanosport,0
RicardoHCAFC,0
rkel76,0
rondaracha,0
RoofTopMariner,0
Scooter1572,0
SnSnapShotz,0
soundwave803,0
SSWfan,0
SteelersFan__,0
SteveLomangino,0
ThatOneBurghFan,0
TheKrak95059118,0
toddey,0
TommyOnTheSpot,0
TyDButler,0
Waynes_World312,0
WingschREI,0
WolfpackRobNC,0
zachmorris21,0
300lbsofsports,0
923TheFan,0
AdrienneWax,0
Alexburner4783,0
_AngieBalderas,0
arv1s0,0
asdrubal3000,0
AshNoelleTV,0
bampac29,0
BrdcastMediaGuy,0
bybrendanhowe,0
Cadbad66,0
CallumGriffin22,0
CatCraveBlog,0
ChillyBoyYT,0
CumberlandTred,0
DanCovello,0
DaveMack78,0
davidaperrera,0
d_holez,0
elchileno4ever,0
FieldLevelMedia,0
Forever_018,0
funnymoneybets,0
Gambling4fun1,0
Gcarmi21,0
GHutchison88,0
hawkmania4,0
HouseofGaming22,0
hwview,0
jabo313586,0
johnny_whit,0
jorgeal05659649,0
JUSTMR5,0
jvillasanad,0
kaorinite85,0
KPandal,0
MarcWeberSports,0
MartyJworldwide,0
MdotKt,0
mikedemo,0
MikeGarafolo,0
moaltch,0
MontalbanoNY,0
Nellyjr80,0
NFL_Spy,0
NicholasFasull1,0
NYCKING,0
OpenMikeNJ,0
Panther__news,0
phunkonomics,0
pinstripefan1,0
randyjgordon,0
RapSheet,0
realcinch,0
RobiWittmore,0
RobJob76,0
RocTheJetsFan,0
Roppstar92,0
SteelersWizard,0
TDavis0829,0
TheKennyRoda,0
TheLaVox,0
TheReal_gwarner,0
TheRealSefmoney,0
TheRealWillLich,0
TheStevenWarner,0
tjayjones8,0
tonycfa,0
tooDYE4,0
TornadoMcRae,0
TSRsports50,0
WesSteinberg,0
AbdullahOweidi,0
agalaviz_TheBee,0
ajsmith365,0
ALAYAH00,0
alecarons,0
Antoniodr,0
BradBerkowitz,0
Braden_Arthur,0
BrooklynStylez_,0
BuddyJa83390690,0
BurghCave,0
CarterCritiques,0
charles_ewing19,0
CMCasey23,0
ConnerBabcock06,0
Connor_J_Hughes,0
davidlmc,0
docnolz,0
DRingold,0
EagleEyePicks11,0
English_AS,0
EnteiSimba,0
FrancisMpu,0
gbosch11679,0
HyattJerry,0
IanSwanson_,0
_Jets_Mets,0
_JimminyCricket,0
Joefanatic23,0
JoeVolpe_,0
JordanRaanan,0
KeepPurringBen,0
LeviDamien,0
LibelulaLara,0
LinderShowMiami,0
LNSmithee,0
LoyalJRicksJr,0
Lubu215,0
LuBu215,0
LVGully,0
MarkZinno,0
MattMackowiak,0
MattPhillips22,0
mattthew_jordan,0
neilogle,0
NFLSundayScorez,0
NosherRailfan,0
OicOzzie,0
petzpansen,0
piapax1,0
RandyBSP,0
Reflexwnl,0
R_G_4_,0
RichhMitch_,0
RicJamesBtH,0
RiddleMeister,0
RobMaaddi,0
ROTOBOSS,0
sadhalosfan27,0
SeanWAlcide,0
SladeOne,0
SLebitschSports,0
SportsVia,0
Steeler75tb,0
Steelersdepot,0
The_Commish1967,0
TheJLShow10,0
theleviedwards,0
thenvpshow,0
TheNVPShow,0
TheRealEvanio,0
trippwhitbeck,0
Tyler_4120,0
usaydkoshul,0
velvet_nope,0
ViNDiNi,0
zstubbs,0
937theFan,0
99_Miners,0
ActuallyRJL,0
AHester32,0
AliahXtine,0
ASaunders_PGH,0
BGSports365,0
Blitz_Burgh,0
blitz_burgh,0
BrandanBarrios7,0
BukMarleyNY,0
CaineofNature,0
cgawilson,0
charlottecrrll,0
ChrisHNC10,0
ChuckCurtiTRIB,0
ClevelandViking,0
DaShawnWSOC9,0
Dat_Boi118,0
DaveMReports,0
DeeTheBoy,0
draftniks,0
DylanAllen_1,0
eastncmatt,0
ericrileyy,0
FrankNepa,0
gopenszigg8771,0
Hughes1224,0
J_Law33,0
JNorvisgaard,0
John_Sabol,0
JULEZ_91,0
JustinSpears4,0
karcher2342,0
KingDaboll,0
kodaksmith11,0
KPUG,0
laReekdaFreek,0
makes_chris,0
MichaelStreb,0
MikeS227,0
mn2fitness,0
nflrums,0
NihoffJM,0
NYGDaily,0
o_pound,0
Orbital_Affairs,0
PantherDuckLker,0
PanthersAlv,0
Peletta_33,0
PewterReport,0
pfrumors,0
RagingGiantsFan,0
RickJBrody,0
rickyrosay35,0
rworeilly78,0
shontong81,0
Slaughterloans,0
SMD_IMCERTIFIED,0
SmitttenKittten,0
spencervogel,0
TacosTweets,0
TattooedNnerdy,0
terribrewer001,0
TG1156,0
TheFirstRandy,0
Thelainger,0
TheMayorMatt,0
TheSirRobotto,0
trashtakes0,0
TsunxmiJxni,0
TwistedIdiot,0
WildRover59,0
WinkDude23,0
world_dictator,0
xflny,0
ZebraMinarchist,0
2giantgoofballs,0
5thQSports,0
AngelJRivera08,0
B4everthankful,0
Ben33Hardy,0
bigcalitex,0
BigTeeCee21,0
carrieawesome21,0
CassMac_21,0
chadwhitley,0
CNTrevino,0
CountOnUs_Man,0
ElectricMoyo,0
Favoroso10,0
freakaleak1209,0
GMENHQ,0
Habeebadejumo6,0
Hammers_House,0
HeavyLeeT1,0
jajjeo4,0
Jason_Shetler,0
JeffFunaro,0
jeff_scialabba,0
jsproinsider,0
JulianCouncil,0
KevinUtz1,0
lukerj138,0
LuvDanceDream,0
Marco_NY23,0
MatthewAlan6621,0
Matthewkk13,0
MichaelPghfans,0
mirror7news,0
mon_serene,0
MoVega_,0
NickMarino_,0
oTu_daddy,0
PabloViruega,0
PhilJonesNFL,0
PhotographyET,0
PJSteelers21,0
ranked27,0
realjeffwyatt,0
reggiechrome,0
RickeyShifko,0
_ROTHLOR_,0
rotomikebarner,0
RuiterWrongFAN,0
Ryan27Rk,0
seanmcginnis,0
seek___help,0
shawn28364,0
Sheena_Marie3,0
sir_chatterbox,0
Sports_Night,0
SteelersCap,0
StevenCRams,0
TheGiantTakePod,0
TheHub_YT,0
Twitershitter96,0
tylergarrett531,0
united777777,0
WavyyA1,0
WharryMax,0
WitAndWiticism,0
YEAHJames,0
_adamcrowley,0
ADARKDAYWRITER1,0
AtheistPonder,0
B1itz90,0
BigTuna185,0
blue4t,0
BringLemons,0
CaptSlow84,0
cats_cardiac,0
ChillyDawg423,0
chronirs333,0
Churchy1871,0
coe_aaron,0
DarrellNeloms,0
derrickfoe_,0
DonRez43,0
DrewKid_,0
evrythingNYG,0
geno_bisconte,0
GeoKnowsBest,0
giantsfan110,0
H8ctorFrancisco,0
InfoPokerOne,0
johnbreech,0
johnloc75707054,0
jonny_mac_12,0
JRown32,0
KEDSLIDE,0
K_Funderburg,0
matty4_matera,0
NYYanks2009,0
pfm1112,0
PghSteelersNow,0
PlayMakaBK,0
PLeonardNYDN,0
Powd_Jake,0
rickyboboddy,0
scottchurchson,0
SettingTheEdge,0
ShaolinShoGunMA,0
SKProFootball,0
SprgfldBill09,0
SteelersNetwork,0
TKras,0
use_your_logic1,0
WeBeTheCrew,0
Willisfan,0
Yinz_Dono,0
akularajublue,0
arky6777,0
BaroneSalvo,0
befree200106,0
chllv_,0
COAHQ,0
DavidDavidtros,0
DetectiveStevie,0
dougporter506,0
engene_111,0
francusu,0
gbachula,0
G_Man210,0
greenspaceguy,0
GSantroch,0
jsu1969,0
Jurnalpatroli_,0
KC_in_WA_state,0
leroisansvisage,0
Meiguo_nan,0
mrkellywright,0
nanmac321,0
Noe_Army_Blink,0
pumakid78,0
rampart911medic,0
revolut20,0
sunspotjones,0
sweetjimmy3,0
Tertrucker,0
tultican,0
Uccaihsrava,0
UraniumDavid,0
Verere_V,0
waverly2235,0
1andonlyMelissa,0
AmericanMex1,0
AruhoBryan,0
bethharrisap,0
Blackjesus85,0
bones_mckinney,0
cardsfan0000,0
CDB1071,0
CoachTimmyHyde,0
Codeman1769,0
Da_Teflon_Don,0
DHill_21,0
fishnpirate,0
GUnit_81,0
HackenjosDan,0
HW_OnTheRise,0
IESportsRadio,0
JaJaskii,0
_jeblair,0
JMacAttackin,0
josefthrop20,0
joshuameval,0
LyricMoney,0
MackTightRadio,0
mittu12,0
MMcGarthy,0
mpv4mvp1,0
MrGAli3,0
mycaymanfan,0
nateman79,0
NTaute59,0
NYCKING,0
OccamWasRight,0
PertinDavid,0
profeta_sammy,0
PstTomowo,0
Regionale_BANK,0
rhodawilsonTV,0
RickDinehart,0
RiekSportsTalk,0
ScottWarner18,0
scriptdemon,0
shawn28364,0
skadel68,0
TheFilmPoet_,0
theknightshift,0
theRealBigMarge,0
Wilmchick,0
windsor_sports,0
ZebraMinarchist,0
77rocket,0
abike,0
AFBaylorBear,0
AmandaFerguson5,0
ArteviasDP,0
AzadBalocch,0
AZ_ThatsMe,0
Bradybunchpapa6,0
bretthultberg,0
B__Ritz,0
BucSidelineGuy,0
CarlosDur_,0
ChaudharyParvez,0
Chaudharyparvez,0
CobraStarGreen,0
CorderTodd,0
CraigHoffman11,0
delshaffer,0
dj_bobby_c,0
FunnyCHigh,0
geoogwang6,0
goleador2519,0
GolfingGamecock,0
GreenMonsterah,0
HallmanAmy,0
henrihirvenoja,0
HitFactoryCards,0
Iamkevin717,0
ikehawkins,0
IwenSam,0
jeremy032180,0
JohnG500,0
KateChamberlay2,0
kylesaunderswv,0
LivinSports,0
Overitalrdy,0
pauldrewry,0
pitfan22,0
_PTPsports,0
ravneet25,0
rcandy24,0
RelaxWithLuLu,0
runninone9,0
Russellmania621,0
seeking6,0
TeamSTM777,0
TexasRaider4,0
thepamsullivan,0
TheRealJonHall_,0
TiddsBaby,0
TonyRayHarvey,0
Will_ODonoghue,0
Wishes_Magazine,0
YoungSiimba_,0
ZachariahM23,0
AndruM25,0
aoroca,0
BangashYK,0
BigCryptoGuy44,0
blazindw,0
BobbyBoy704,0
brooklyngfellaz,0
CarlCarchia,0
chris_drop,0
DukeRoundup,0
EMUChapel,0
evewin89,0
FastBreakIESR,0
Fitleagueguy,0
FoxWeatherman,0
galexgal,0
gginger069,0
GmurHelen,0
iamtylertnt,0
iStayWinning711,0
JoScheff,0
LaughlinSXM,0
MadDogRadio,0
ManGotEm,0
MattStarrFineA1,0
MikeBerardino,0
MikehueybabyD,0
milletworld,0
Mr_Jeff71,0
nolimitwan_,0
Onicamav,0
PatrickWelter,0
QUSAY_NOOR_,0
RandomstuffA2Z,0
rhodaxmasmovies,0
ROTOBOSS,0
Sp0rtsFreq,0
stoneluvzbeer,0
TeakedDFS,0
The_Sixthman_,0
titikuslana0491,0
TommyAPhillips,0
tommyaphillips,0
tonynew1515,0
TrutherDan,0
Tylerpaper,0
usctrojan43,0
VIBRANTUTOPIA,0
xThe_Doc,0
20__saya,0
abrahamruiz1210,0
Alan50cc,0
AndrewJ009,0
arrastapdireita,0
awishazmil,0
barlayteacarman,0
barringtonfifth,0
Chappie_AfroCat,0
DevonWarren10,0
drew4310,0
fleshmanadam,0
Florgarro5,0
HeMoans_Jailah,0
hide_traveller,0
jackd_japan,0
JackStr42679640,0
jaquelinezh29,0
jo55424193,0
JoebarTiti,0
JustinRayGolf,0
KalElSonOfKrptn,0
kinowar_com,0
kthzettai,0
kyodo_english,0
LBCI_News_EN,0
leonegomezc,0
Mangello33,0
MileyBigFan3,0
nl86358800,0
novacuentos,0
ORF_CNED,0
Reeh_Strawberry,0
Reinhold_J19,0
saher0892,0
SatyaRhemba,0
sharjah24,0
soul_yokohama,0
suzuisao,0
syd_heynsbergen,0
sylabdul,0
taka_0127mori,0
ThiagoAnjos8,0
ValdenirVitori2,0
voshans,0
WarnerBrosSpain,0
WarnerBrosTH,0
YAMASANV5,0
abas47916709,0
abdd199719,0
A_K_Mandhan,0
alisson_valnei,0
Baailz_,0
BaramosGonus,0
BarBadge,0
Belieberpowerx,0
bitcores,0
blurayangel,0
Bodhi_Tweets,0
Bruno_Souza75,0
CarrionHouse,0
ChungWai17,0
CongCtrinh,0
Cooper22I,0
cosmopolite_med,0
Daithimacliam83,0
Echinanews,0
EkongGodson,0
Gagmma1000,0
GAMESTOREbz,0
HartleyJackson_,0
hgpi_2004,0
ijH5nhOmDEHEUbi,0
jack_clover13,0
JapanTravel,0
jekhask,0
JimSchwass,0
JuanAlandae,0
justtokunbo,0
Kaatie_oxxo,0
kinmokusei0044,0
lucasfelipe_73,0
marcoleofrigio,0
mayix_JB,0
mtambounathi,0
nieto5555555555,0
nklai2,0
n_latinas,0
OffshoreWINDbiz,0
pradaameezy,0
rashidogodon,0
rtvonline,0
Sana961229TWICE,0
sanaglobalunion,0
saraleiva3999,0
SenorElGamal,0
Sportsnet,0
strellitabri,0
super_tourism,0
tbfhnxrry,0
torajatotoo,0
townjoho,0
TravelPike,0
WarnerBrosID,0
zientoto,0
123_laraa,0
AlkaabiMajed,0
Alpha_Bronze,0
ameezykath,0
AsankumahE,0
BallInSportsNet,0
BigBro06696271,0
BuckedbytheStar,0
cannybuss,0
CoolbetCanada,0
CraigHoffman11,0
Egyen,0
eilovatic,0
_ImJustDamian,0
JapanesePhotos_,0
Jck_Ryn,0
JDEadonWriter,0
Jerrtjjxo,0
JoeFortenbaugh,0
Jojobro96764851,0
jolivarestolosa,0
jupiter_hndrxx,0
kekeke2018,0
KleinHarvey97,0
kotobatarazu8,0
LamaZense,0
LexiMandy2,0
LondonCrusader,0
MadForMaple,0
McMaffy99,0
MeetOurWorld,0
MelbetGhana,0
MettisGlobal,0
mfarooqbukhsh,0
MileneLyma87,0
MirandaWeLoveY,0
naokilaw,0
natanaelnonon,0
NBAPlayersHigh,0
neconomayasan,0
paola_venites,0
papa36575005,0
PhantastikNews,0
PlanetSuperman,0
QNAEnglish,0
QuelvinN,0
rain_unicorn,0
ReaderGalore,0
ritu_1124,0
sagounley,0
StripesPacific,0
SumikaiNews,0
taka_katsura,0
TaurooAldebaran,0
VeneziaAlma,0
VTown661,0
Wave_Cinemas,0
ZIKKYO9999,0
5SOSmademedie,0
albertodc1989,0
AnnaSpiropoulos,0
archit0078,0
ArchivosDCU,0
ArmyRecognition,0
bgoncalvesmt,0
Buzzchecha,0
Cinedotmx,0
DylanCarr30,0
FaatiDu91,0
FREDERICA_CADE,0
gauagg,0
klarilik,0
MitchNuttsacck,0
nadinevgeems,0
SeniDore,0
Soccer_Stats,0
TerazawaTakeo,0
thesouthasiatim,0
bhattacharjya_a,0
blue_route,0
Blue_ROUTE,0
cosmopolite_med,0
demiraliatilgan,0
drishtiiaseng,0
greenmagmedia,0
HyperionPodcast,0
JDAlbum,0
misionesonline,0
realpestilence,0
SlavusM,0
VaclavUrich3,0
wp_space_news,0
